schema_version,team_size,topology_id,fixture_class,seed,heading_radians,valid_initial_condition,rejection_reasons,initial_formation_error_meters,maximum_formation_error_meters,final_formation_error_meters,final_formation_rms_meters,first_tube_entry_step,dwell_completed,goal_reached,final_goal_error_meters,completion_step,minimum_robot_robot_distance_meters,collision_free,saturation_rate,projection_intervention_rate,projection_infeasible_count,solver_failure_count,deadlock,numerical_failure,controller_calls,per_robot_latency_median_seconds,per_robot_latency_p95_seconds,per_robot_latency_p99_seconds,simulator_orchestration_seconds
rvt-phase6-qualification/v1,5,0,open_translation,61001,0.0,True,(),0.049832590240178075,0.08113793330489874,0.001022746857452525,0.0008074837455260415,0,True,True,0.07531477370686086,32,0.8454341422661196,True,0.0075,0.0075,0,0,False,False,400,0.00048308299999999527,0.001391952099999993,0.002062969079999982,0.010847166000000352
rvt-phase6-qualification/v1,5,0,open_translation,61002,0.0,True,(),0.0449188909851891,0.09484378811015594,0.0014810323366227062,0.0009013734952148582,0,True,True,0.07641161311000749,32,0.8335091709815177,True,0.0175,0.0175,0,0,False,False,400,0.0004825419999999747,0.001330259749999951,0.0024081728300001082,0.011221382000000002
rvt-phase6-qualification/v1,5,0,open_translation,61003,0.0,True,(),0.053558220757148806,0.1371932855563752,0.001193518885384848,0.0008986461677156768,0,True,True,0.07153892399787219,31,0.8392995050351941,True,0.0075,0.0075,0,0,False,False,400,0.00048564600000011726,0.001479612500000014,0.0021687538400001283,0.01177204200000026
rvt-phase6-qualification/v1,5,0,open_translation,61004,0.0,True,(),0.04393646267966239,0.06574216680181606,0.0012410782591276333,0.0007580326462717575,0,True,True,0.0760363607345562,32,0.8463145245467159,True,0.0125,0.0125,0,0,False,False,400,0.000479708500000009,0.0013409520499998986,0.0017296237500000308,0.009842872999999974
rvt-phase6-qualification/v1,5,0,open_translation,61005,0.0,True,(),0.04843307790777811,0.11230178760374826,0.0017796627511518824,0.001198826982298991,0,True,True,0.0716485400200797,31,0.8150335582194334,True,0.005,0.005,0,0,False,False,400,0.0004893540000000529,0.0016587244000000091,0.0024773629100001055,0.011905706999999155
rvt-phase6-qualification/v1,5,0,open_translation,61001,1.0471975511965976,True,(),0.04983256909300558,0.08766702113748918,0.0013607746250451805,0.0009240409767206387,0,True,True,0.07542671950748575,32,0.831334143519736,True,0.01,0.01,0,0,False,False,400,0.00048089600000000843,0.001479621149999905,0.0024613839900000426,0.010449665999999413
rvt-phase6-qualification/v1,5,0,open_translation,61002,1.0471975511965976,True,(),0.044918919959441805,0.08517185038537559,0.0024686897765651477,0.0013504326035309057,0,True,True,0.07487626934026347,32,0.7840515777415389,True,0.01,0.01,0,0,False,False,400,0.0004830624999999644,0.0014510392500000301,0.0018148298200000234,0.012494121000000358
rvt-phase6-qualification/v1,5,0,open_translation,61003,1.0471975511965976,True,(),0.053558232616580756,0.115362277957041,0.0015669380315270721,0.001004772554358242,0,True,True,0.07634775622708184,32,0.7702434822804144,True,0.01,0.01,0,0,False,False,400,0.0004838955000000533,0.0014854583500000457,0.002218261250000052,0.011369463999999274
rvt-phase6-qualification/v1,5,0,open_translation,61004,1.0471975511965976,True,(),0.043936443483600034,0.0611981417899518,0.0010388533434849934,0.0007119251473569327,0,True,True,0.0773678847367032,32,0.8290125106808902,True,0.015,0.015,0,0,False,False,400,0.0004831875000000929,0.001247756600000049,0.001847048930000019,0.012190503999999325
rvt-phase6-qualification/v1,5,0,open_translation,61005,1.0471975511965976,True,(),0.04843309956181595,0.10388899995290472,0.001851372324248569,0.0013232589403324787,0,True,True,0.07284864848901129,32,0.8099816059694838,True,0.0075,0.0075,0,0,False,False,400,0.0004838960000000947,0.001325307699999994,0.0017715080900000146,0.010556002000000841
rvt-phase6-qualification/v1,5,5,open_translation,61001,0.0,True,(),0.049832570417829715,0.07583145612278945,0.001907124286378522,0.0012533109654887064,0,True,True,0.07422720427587494,32,0.8118298721873943,True,0.01,0.01,0,0,False,False,400,0.000481250500000141,0.0011454722999998388,0.002132907410000037,0.009495042999998815
rvt-phase6-qualification/v1,5,5,open_translation,61002,0.0,True,(),0.044918948534444475,0.0877784781793505,0.0009259080476522948,0.0006574265035094862,0,True,True,0.07672791739399056,32,0.8278689142839414,True,0.015,0.015,0,0,False,False,400,0.0004850830000000528,0.0014534079999999874,0.0020307994099999856,0.01053300300000104
rvt-phase6-qualification/v1,5,5,open_translation,61003,0.0,True,(),0.053558208635200874,0.12287349820027764,0.001825058027432253,0.0009980600767226797,0,True,True,0.07389217064407443,32,0.7186500195182055,True,0.0075,0.0075,0,0,False,False,400,0.0004787290000001221,0.0014160684499999409,0.0019334745800000416,0.009542079000001813
rvt-phase6-qualification/v1,5,5,open_translation,61004,0.0,True,(),0.04393641570532947,0.08033142919242961,0.0009724649533585946,0.0006394359346115487,0,True,True,0.07668056659457095,32,0.851293196775035,True,0.0125,0.0125,0,0,False,False,400,0.0004761250000000494,0.001299051449999977,0.0016992590800000394,0.010296001000000388
rvt-phase6-qualification/v1,5,5,open_translation,61005,0.0,True,(),0.04843309724669678,0.0861389009649339,0.001454313976813733,0.00118153967483869,0,True,True,0.07371511983250462,32,0.8352201798863751,True,0.0075,0.0075,0,0,False,False,400,0.00047649950000006047,0.001425362799999872,0.0022646789900000507,0.01146058500000069
rvt-phase6-qualification/v1,5,5,open_translation,61001,1.0471975511965976,True,(),0.04983255726191057,0.08152882126225316,0.0022534621118295646,0.0013460211072402308,0,True,True,0.07614336864240195,32,0.8035564146217394,True,0.01,0.01,0,0,False,False,400,0.0004787290000001221,0.001361866050000071,0.0017321509999999873,0.010132294000000375
rvt-phase6-qualification/v1,5,5,open_translation,61002,1.0471975511965976,True,(),0.0449189389712067,0.0801246254769615,0.001147278120457793,0.0007934885741994742,0,True,True,0.07597105185825462,32,0.8274772331681143,True,0.01,0.01,0,0,False,False,400,0.0004781249999998849,0.0013812042000000409,0.0018700999099998555,0.009812795000000207
rvt-phase6-qualification/v1,5,5,open_translation,61003,1.0471975511965976,True,(),0.05355823976587695,0.10536944693527006,0.0021413801874064753,0.0013305689778295674,0,True,True,0.07637673424231976,32,0.8323730240784637,True,0.01,0.01,0,0,False,False,400,0.0004753539999999834,0.0015686163500000844,0.002393302259999975,0.00982120999999947
rvt-phase6-qualification/v1,5,5,open_translation,61004,1.0471975511965976,True,(),0.04393643066585849,0.07263150001790196,0.0009054459771921274,0.0005623973634472647,0,True,True,0.07788801681341073,33,0.8172272800658387,True,0.0175,0.0175,0,0,False,False,400,0.00047402100000004666,0.001258464599999975,0.0015510595799999537,0.00928521400000104
rvt-phase6-qualification/v1,5,5,open_translation,61005,1.0471975511965976,True,(),0.04843311205173855,0.08873168095715271,0.0014640857212336246,0.0012078080848432374,0,True,True,0.07314704098974392,32,0.8084296808115148,True,0.005,0.005,0,0,False,False,400,0.00047720800000006225,0.0012689451999999815,0.0016470358400000125,0.009781911000000143
rvt-phase6-qualification/v1,5,2,open_translation,61001,0.0,True,(),0.04983260056296835,0.07911341626438986,0.0012918279070374954,0.0008018062894580274,0,True,True,0.07453429664693148,32,0.8516866393251892,True,0.0075,0.0075,0,0,False,False,400,0.00046383350000001045,0.001407510700000047,0.0021519111600000157,0.01014782999999908
rvt-phase6-qualification/v1,5,2,open_translation,61002,0.0,True,(),0.04491893299259457,0.0849048915519804,0.002335985306525697,0.001630957989760117,0,True,True,0.07632369704847827,32,0.8043023544208602,True,0.015,0.015,0,0,False,False,400,0.0004614380000000917,0.001187946449999918,0.001993624670000173,0.009354748999999885
rvt-phase6-qualification/v1,5,2,open_translation,61003,0.0,True,(),0.05355828772343635,0.13125843543608712,0.0014099248695995958,0.0008340180081653395,0,True,True,0.07378614719684018,32,0.7712379584536858,True,0.0075,0.0075,0,0,False,False,400,0.00047441700000006026,0.0015249148999999492,0.0020333421700000293,0.010754620999998687
rvt-phase6-qualification/v1,5,2,open_translation,61004,0.0,True,(),0.043936411233389094,0.059219465024011694,0.0009119629991450788,0.0006463769492371391,0,True,True,0.07713782403091002,32,0.8374560027164866,True,0.0125,0.0125,0,0,False,False,400,0.0004767915000000178,0.0013890714499999897,0.0018814124999999614,0.009454620999999053
rvt-phase6-qualification/v1,5,2,open_translation,61005,0.0,True,(),0.04843307415448935,0.09979550334571397,0.0036634297136948052,0.0025452307194414737,0,True,True,0.07255094012787483,32,0.8359087766848233,True,0.0075,0.0075,0,0,False,False,400,0.00047712499999996716,0.001517338149999991,0.0027084701799999335,0.010536047999999631
rvt-phase6-qualification/v1,5,2,open_translation,61001,1.0471975511965976,True,(),0.04983264519904729,0.08544414345287733,0.0023952022748330824,0.0015699921828892555,0,True,True,0.07634610103338187,32,0.8194727090584795,True,0.01,0.01,0,0,False,False,400,0.00047637499999997335,0.0014821023999999937,0.002273225840000016,0.012051287000000466
rvt-phase6-qualification/v1,5,2,open_translation,61002,1.0471975511965976,True,(),0.04491893299259461,0.07715996322708683,0.0008233620886220966,0.0005136560112516456,0,True,True,0.07583385943077348,32,0.812245367397721,True,0.01,0.01,0,0,False,False,400,0.0004729790000000955,0.0014752055999999176,0.002147604250000046,0.009341340000000642
rvt-phase6-qualification/v1,5,2,open_translation,61003,1.0471975511965976,True,(),0.053558240194970165,0.11344688466015714,0.0016264294461472428,0.0011205866820695898,0,True,True,0.07689925233372441,32,0.8184051124402271,True,0.01,0.01,0,0,False,False,400,0.0004709999999999992,0.0013217606999999948,0.002160649579999928,0.009282707999999973
rvt-phase6-qualification/v1,5,2,open_translation,61004,1.0471975511965976,True,(),0.04393639319540179,0.054724223846888125,0.0007571754215813307,0.0006014447617081937,0,True,True,0.07826129970726925,33,0.8432216446923126,True,0.015,0.015,0,0,False,False,400,0.00047814600000006813,0.0014982521000000736,0.002573337740000039,0.015247369999999982
rvt-phase6-qualification/v1,5,2,open_translation,61005,1.0471975511965976,True,(),0.04843302411376678,0.08862432292958301,0.002973107542508381,0.0016494153337942605,0,True,True,0.07244281299653611,32,0.8545123222578541,True,0.005,0.005,0,0,False,False,400,0.00047620850000007486,0.0015496690999999175,0.002336304999999858,0.010041248999999475
rvt-phase6-qualification/v1,6,0,open_translation,61001,0.0,True,(),0.05662304825823898,0.09209883203460088,0.0012246434911986949,0.0007082457587289388,0,True,True,0.07390867803050422,32,0.8315136790236285,True,0.008333333333333333,0.008333333333333333,0,0,False,False,480,0.0005483749999999343,0.0014613434500001937,0.0024333724700000533,0.013879209999999587
rvt-phase6-qualification/v1,6,0,open_translation,61002,0.0,True,(),0.044371869171124984,0.08859130945240225,0.0012914528923350464,0.0009365607075267278,0,True,True,0.0744964381307842,32,0.8335091709815179,True,0.0125,0.0125,0,0,False,False,480,0.0005448959999998504,0.0016257667000000528,0.0024054037500002953,0.014682419000000113
rvt-phase6-qualification/v1,6,0,open_translation,61003,0.0,True,(),0.04641747452283993,0.07783263695398303,0.0009760622594985371,0.0007567859907315203,0,True,True,0.07582079106974482,32,0.791794285182512,True,0.010416666666666666,0.010416666666666666,0,0,False,False,480,0.000544854000000039,0.001768737199999957,0.0027411412499998224,0.01608854199999965
rvt-phase6-qualification/v1,6,0,open_translation,61004,0.0,True,(),0.04290830425242895,0.08154190266993905,0.0010828752969083057,0.0007621607983763496,0,True,True,0.07627344787094187,32,0.8434244833353836,True,0.014583333333333334,0.014583333333333334,0,0,False,False,480,0.000547791500000061,0.0016068271000001181,0.0024906995699999494,0.01352966599999883
rvt-phase6-qualification/v1,6,0,open_translation,61005,0.0,True,(),0.055403042917151264,0.12163024370385536,0.0013613274278179695,0.0009903770426008484,0,True,True,0.07319859244341231,32,0.8695749219271497,True,0.008333333333333333,0.008333333333333333,0,0,False,False,480,0.000549103999999967,0.0017618193500000376,0.0026416605000000063,0.01541862500000013
rvt-phase6-qualification/v1,6,0,open_translation,61001,1.0471975511965976,True,(),0.05662308828921154,0.09955318737441403,0.0016466864177321963,0.0009680050049772016,0,True,True,0.07497112957595384,32,0.8505187111561986,True,0.0125,0.0125,0,0,False,False,480,0.000544438000000036,0.0016417246500001089,0.002783997499999979,0.01967079600000088
rvt-phase6-qualification/v1,6,0,open_translation,61002,1.0471975511965976,True,(),0.044371852471769536,0.07606708604272888,0.0014444867679498305,0.0011620379595126385,0,True,True,0.07599829167017808,32,0.8185467911116496,True,0.010416666666666666,0.010416666666666666,0,0,False,False,480,0.0005494169999999965,0.001693595550000058,0.002509711749999929,0.015346456999999258
rvt-phase6-qualification/v1,6,0,open_translation,61003,1.0471975511965976,True,(),0.04641746127148387,0.08459075853397101,0.0014090176568203416,0.0010138359175296645,0,True,True,0.07500123258748108,32,0.8128570835785723,True,0.010416666666666666,0.010416666666666666,0,0,False,False,480,0.0005475624999999873,0.0015537672999997748,0.002253761749999992,0.014256711999998783
rvt-phase6-qualification/v1,6,0,open_translation,61004,1.0471975511965976,True,(),0.042908324428089055,0.0832995124629954,0.0007588618462423776,0.0005902495783954199,0,True,True,0.07704887318903858,32,0.8396320080505772,True,0.014583333333333334,0.014583333333333334,0,0,False,False,480,0.0005483334999998313,0.00156358814999995,0.0019580681400002647,0.015006669999997557
rvt-phase6-qualification/v1,6,0,open_translation,61005,1.0471975511965976,True,(),0.05540300343471015,0.1129317401477426,0.0015424359685760824,0.0011125773916035326,0,True,True,0.07324273282438969,32,0.7734733498613847,True,0.00625,0.00625,0,0,False,False,480,0.0005453124999998948,0.0015873684500001149,0.00207162543000003,0.014004082000001583
rvt-phase6-qualification/v1,6,5,open_translation,61001,0.0,True,(),0.056623064701383494,0.10313749299322005,0.0018993976783947513,0.0011947378210253607,0,True,True,0.07436010814883616,32,0.8313362351737961,True,0.010416666666666666,0.010416666666666666,0,0,False,False,480,0.0005446044999999344,0.0014737208499999042,0.0019279474300000002,0.018614324000000293
rvt-phase6-qualification/v1,6,5,open_translation,61002,0.0,True,(),0.04437183247014674,0.09652157304167457,0.0015443104090168635,0.0009938824954202083,0,True,True,0.07475285293580675,32,0.7961081467365685,True,0.0125,0.0125,0,0,False,False,480,0.0005495830000001867,0.0014448271000000892,0.00198634543000019,0.013822544000003267
rvt-phase6-qualification/v1,6,5,open_translation,61003,0.0,True,(),0.04641747963362099,0.0843988253217229,0.0016816200910278452,0.001251931521465794,0,True,True,0.07478086899317402,32,0.8377045338374323,True,0.010416666666666666,0.010416666666666666,0,0,False,False,480,0.000545875000000251,0.0014771646000002908,0.0019525792499998037,0.014098417999999668
rvt-phase6-qualification/v1,6,5,open_translation,61004,0.0,True,(),0.042908339969773904,0.07903035220962132,0.0017214184452874143,0.0010559193297220166,0,True,True,0.07561170537339826,32,0.8438036478532155,True,0.0125,0.0125,0,0,False,False,480,0.000546354499999957,0.0015882496500002389,0.0025669437499998373,0.013314918000000286
rvt-phase6-qualification/v1,6,5,open_translation,61005,0.0,True,(),0.0554030267087304,0.13006314967200633,0.0021856735396719638,0.0015372394322701465,0,True,True,0.07141474871269506,31,0.7694211054395991,True,0.008333333333333333,0.008333333333333333,0,0,False,False,480,0.0005457915000000035,0.0016129270500000008,0.0023792317900000804,0.02053579699999908
rvt-phase6-qualification/v1,6,5,open_translation,61001,1.0471975511965976,True,(),0.056623101915449024,0.11221232758776735,0.0010268460280736544,0.0006414169578845356,0,True,True,0.07538186278233354,32,0.8709020892155412,True,0.008333333333333333,0.008333333333333333,0,0,False,False,480,0.0005414580000000502,0.001438633349999851,0.002033115679999866,0.014537831999998474
rvt-phase6-qualification/v1,6,5,open_translation,61002,1.0471975511965976,True,(),0.0443718466289675,0.08781870301582469,0.0015459450203279194,0.000897934843669708,0,True,True,0.07576307753207051,32,0.7624489041907753,True,0.010416666666666666,0.010416666666666666,0,0,False,False,480,0.0005464580000000829,0.001717243749999992,0.002169642000000266,0.016330920000002802
rvt-phase6-qualification/v1,6,5,open_translation,61003,1.0471975511965976,True,(),0.046417440487428796,0.09319130376476885,0.0011032557783375039,0.0008214278649907075,0,True,True,0.07539983889756875,32,0.8051353152257956,True,0.008333333333333333,0.008333333333333333,0,0,False,False,480,0.0005499170000000664,0.0017802184000001535,0.002437853749999816,0.015183127000001573
rvt-phase6-qualification/v1,6,5,open_translation,61004,1.0471975511965976,True,(),0.042908324771479545,0.08042150036459461,0.001625316132495152,0.001012138803595514,0,True,True,0.07662508618537256,32,0.8172272800658389,True,0.014583333333333334,0.014583333333333334,0,0,False,False,480,0.0005498959999998831,0.0015910982499998338,0.0023753275000001246,0.015728326000000514
rvt-phase6-qualification/v1,6,5,open_translation,61005,1.0471975511965976,True,(),0.055402988593592,0.12144396864008829,0.002042743196333733,0.001336164724338197,0,True,True,0.0726719969216285,32,0.7945451333735187,True,0.00625,0.00625,0,0,False,False,480,0.0005527499999997687,0.001705893750000298,0.0023138707500000052,0.01662054299999971
rvt-phase6-qualification/v1,6,2,open_translation,61001,0.0,True,(),0.05662306206015856,0.10893595980273084,0.0020392907517177506,0.0012426826836508963,0,True,True,0.07400107281522443,32,0.8486206550165168,True,0.010416666666666666,0.010416666666666666,0,0,False,False,480,0.000527708500000168,0.0013953732499997643,0.0020905058199997563,0.015779788000002792
rvt-phase6-qualification/v1,6,2,open_translation,61002,0.0,True,(),0.044371848872440695,0.07724221934449811,0.0038029048921790548,0.0025762313715311223,0,True,True,0.07435902029989384,32,0.8031773545769197,True,0.0125,0.0125,0,0,False,False,480,0.0005196044999999927,0.0014519354499999521,0.002304824819999972,0.013558953000000429
rvt-phase6-qualification/v1,6,2,open_translation,61003,0.0,True,(),0.046417442758577246,0.082445322286687,0.0025191611069825415,0.0014515454093942763,0,True,True,0.07521342456047717,32,0.8105237630489021,True,0.010416666666666666,0.010416666666666666,0,0,False,False,480,0.0005231665000000607,0.0013596170000001121,0.0020874229299999805,0.012357790000000257
rvt-phase6-qualification/v1,6,2,open_translation,61004,0.0,True,(),0.042908323271556637,0.07453539536065878,0.0037249576483392136,0.002272058423286053,0,True,True,0.07597368324013219,32,0.8164209421278678,True,0.014583333333333334,0.014583333333333334,0,0,False,False,480,0.0005183339999998982,0.0013990047999999692,0.002212691889999959,0.012552753000000472
rvt-phase6-qualification/v1,6,2,open_translation,61005,0.0,True,(),0.05540302785705488,0.12043752794010797,0.002580400566841309,0.001522969233444329,0,True,True,0.07246930889786281,32,0.7628944904602808,True,0.008333333333333333,0.008333333333333333,0,0,False,False,480,0.0005083960000000776,0.001278260699999899,0.002093257929999966,0.01258066999999663
rvt-phase6-qualification/v1,6,2,open_translation,61001,1.0471975511965976,True,(),0.05662309163742631,0.12289739797756784,0.00478427443601681,0.0033976397807400087,0,True,True,0.07553551698290863,32,0.8411790708559421,True,0.0125,0.0125,0,0,False,False,480,0.0005217084999999955,0.0013390478999999675,0.0021182869300000007,0.012255129999998893
rvt-phase6-qualification/v1,6,2,open_translation,61002,1.0471975511965976,True,(),0.04437186049070175,0.07173231260103398,0.002583763091838792,0.0015692709461039517,0,True,True,0.07584499142287687,32,0.8191082955326141,True,0.014583333333333334,0.014583333333333334,0,0,False,False,480,0.0005225209999999425,0.0014757399000000946,0.0025233279999999393,0.01322783200000277
rvt-phase6-qualification/v1,6,2,open_translation,61003,1.0471975511965976,True,(),0.04641745319217248,0.09234759484653826,0.0052156862970361,0.0033735102606903193,0,True,True,0.0753883465648724,32,0.8701791598909784,True,0.010416666666666666,0.010416666666666666,0,0,False,False,480,0.0005251459999999764,0.0014785600999996696,0.002603513639999677,0.015859797999998815
rvt-phase6-qualification/v1,6,2,open_translation,61004,1.0471975511965976,True,(),0.04290831305060258,0.0768158949639462,0.003252476099961898,0.002051640282338206,0,True,True,0.07697954457180962,32,0.8561836827881429,True,0.0125,0.0125,0,0,False,False,480,0.0005185625000001526,0.0017827410000000427,0.003178546249999811,0.01939328700000198
rvt-phase6-qualification/v1,6,2,open_translation,61005,1.0471975511965976,True,(),0.055402997278942295,0.11277446824196173,0.00476604042712521,0.0031195939975776346,0,True,True,0.07319071049268945,32,0.7616890003698258,True,0.00625,0.00625,0,0,False,False,480,0.0005272704999998989,0.0015070103999998972,0.002028561929999834,0.013818250000001697
rvt-phase6-qualification/v1,8,0,open_translation,61001,0.0,True,(),0.052054755033568406,0.0940083224047768,0.0017051243244871265,0.0013227294124238103,0,True,True,0.07640433444541057,32,0.7999007760427569,True,0.0109375,0.0109375,0,0,False,False,640,0.0007007500000000277,0.0019388955000000819,0.002348021109999836,0.026756292000000403
rvt-phase6-qualification/v1,8,0,open_translation,61002,0.0,True,(),0.045622919543844925,0.08436640181154156,0.0018414089608402647,0.0009863381392947474,0,True,True,0.07120827482786364,31,0.7863178406591363,True,0.003125,0.003125,0,0,False,False,640,0.0007197079999998746,0.00207322675000001,0.002781803129999913,0.03197483699999948
rvt-phase6-qualification/v1,8,0,open_translation,61003,0.0,True,(),0.051294069945460714,0.11083651857748403,0.0016519629917969055,0.0011690930945169212,0,True,True,0.0741582927627077,32,0.692314506251785,True,0.015625,0.015625,0,0,False,False,640,0.000709583500000166,0.0020194478999996154,0.0026571467400000252,0.02726286800000155
rvt-phase6-qualification/v1,8,0,open_translation,61004,0.0,True,(),0.04983835171587455,0.09404151451980007,0.00322203078586481,0.00184008464761436,0,True,True,0.07344911527203397,32,0.7423929262989304,True,0.0125,0.0125,0,0,False,False,640,0.0007032085000000521,0.001930000000000009,0.0027524612400001394,0.028528835999997337
rvt-phase6-qualification/v1,8,0,open_translation,61005,0.0,True,(),0.05145602455674454,0.10703774236891031,0.0018648112656811835,0.0010743768541492077,0,True,True,0.07179351640749536,31,0.8185227238288153,True,0.00625,0.00625,0,0,False,False,640,0.0007112710000001243,0.0018768193499999679,0.002427071869999935,0.028441919999999676
rvt-phase6-qualification/v1,8,0,open_translation,61001,1.0471975511965976,True,(),0.05205473769747302,0.08622267208046758,0.00206353998131514,0.0011918905339905101,0,True,True,0.07434283178162694,32,0.8000674842731298,True,0.009375,0.009375,0,0,False,False,640,0.0007183539999999766,0.002048085099999651,0.002738990129999955,0.03026837300000018
rvt-phase6-qualification/v1,8,0,open_translation,61002,1.0471975511965976,True,(),0.04562292251334845,0.07704344144957627,0.0011421431681351963,0.0007485738860786897,0,True,True,0.07303330436642239,32,0.7751406406171701,True,0.009375,0.009375,0,0,False,False,640,0.0007119585000001649,0.002065391699999863,0.0028669648800000716,0.02693495500000287
rvt-phase6-qualification/v1,8,0,open_translation,61003,1.0471975511965976,True,(),0.0512940697947338,0.10216144736429264,0.0020252811912167715,0.0012232724532358675,0,True,True,0.07245773000576246,32,0.7475650373026949,True,0.0078125,0.0078125,0,0,False,False,640,0.0007024374999999861,0.00202686009999995,0.0027551677499999946,0.026445204999999916
rvt-phase6-qualification/v1,8,0,open_translation,61004,1.0471975511965976,True,(),0.04983832047998928,0.08468971369737915,0.002542140394939649,0.0015830259112542874,0,True,True,0.07426017026509163,32,0.7936772319977841,True,0.009375,0.009375,0,0,False,False,640,0.0007037290000000418,0.0019210624999999467,0.0029893026300001992,0.026446624999995283
rvt-phase6-qualification/v1,8,0,open_translation,61005,1.0471975511965976,True,(),0.0514559936732863,0.10982016898658896,0.001913244601880692,0.0010071478812798582,0,True,True,0.07576757335148876,32,0.7798617515914066,True,0.0109375,0.0109375,0,0,False,False,640,0.0007054795000001057,0.0020180854000002575,0.0029777430000001775,0.026675460999998624
rvt-phase6-qualification/v1,8,5,open_translation,61001,0.0,True,(),0.05205472494536091,0.09470958641875117,0.0017613507227884808,0.0012206085617927714,0,True,True,0.07611703475084201,32,0.7736147951080564,True,0.009375,0.009375,0,0,False,False,640,0.000709583499999944,0.0020238181000001186,0.0024904504999999546,0.027915789999997997
rvt-phase6-qualification/v1,8,5,open_translation,61002,0.0,True,(),0.04562291348803024,0.09156326158790637,0.00178153498434164,0.0013236660714537139,0,True,True,0.07065066336219995,31,0.7712769594141797,True,0.003125,0.003125,0,0,False,False,640,0.0007012499999998756,0.0019768729000003036,0.0025326934800000886,0.02739828599999994
rvt-phase6-qualification/v1,8,5,open_translation,61003,0.0,True,(),0.05129406966217984,0.12169211211802022,0.0020750594979681352,0.0014382150380766294,0,True,True,0.0751620320999802,32,0.8014436957453793,True,0.0125,0.0125,0,0,False,False,640,0.0007004999999999928,0.0017855666999995635,0.002878348259999976,0.02905949899999971
rvt-phase6-qualification/v1,8,5,open_translation,61004,0.0,True,(),0.049838325991051535,0.09614744717764849,0.0008460931647326191,0.000542891555902224,0,True,True,0.07453373437010348,32,0.757704642190452,True,0.0109375,0.0109375,0,0,False,False,640,0.0007105210000000195,0.0019713350999996933,0.0026268024999999903,0.029938962000000124
rvt-phase6-qualification/v1,8,5,open_translation,61005,0.0,True,(),0.05145600964717322,0.11694750785513235,0.0035414115835510434,0.0018964824423114547,0,True,True,0.07286449729628847,32,0.7556025036816193,True,0.00625,0.00625,0,0,False,False,640,0.0007021670000002533,0.0019231247000003114,0.0026821204900002063,0.025765506999998244
rvt-phase6-qualification/v1,8,5,open_translation,61001,1.0471975511965976,True,(),0.052054746573740096,0.0934013536219733,0.00153262351387977,0.0009282520367435281,0,True,True,0.07381837102528299,32,0.8331584699313239,True,0.009375,0.009375,0,0,False,False,640,0.0006963959999999325,0.0016815392500001856,0.002238694380000098,0.02484842199999937
rvt-phase6-qualification/v1,8,5,open_translation,61002,1.0471975511965976,True,(),0.04562292125251243,0.08778280443452673,0.002278570511347885,0.0017323350881560705,0,True,True,0.07307385242298398,32,0.7646316476104982,True,0.00625,0.00625,0,0,False,False,640,0.0007095209999998797,0.0019480996500001785,0.002913168619999902,0.02881679600000009
rvt-phase6-qualification/v1,8,5,open_translation,61003,1.0471975511965976,True,(),0.05129404377974506,0.11252835073848534,0.002787384794570261,0.00166948318394765,0,True,True,0.07210922126639822,32,0.7264013650511262,True,0.0078125,0.0078125,0,0,False,False,640,0.0007043954999998991,0.0018411672999999,0.0037393264999998313,0.026116585000001358
rvt-phase6-qualification/v1,8,5,open_translation,61004,1.0471975511965976,True,(),0.049838322138448105,0.08906670223877702,0.001212886370754499,0.0008991635006255832,0,True,True,0.07509793102753817,32,0.7809339164595814,True,0.0078125,0.0078125,0,0,False,False,640,0.0007111250000000346,0.0019731225999999984,0.002698661880000037,0.028616209000002613
rvt-phase6-qualification/v1,8,5,open_translation,61005,1.0471975511965976,True,(),0.05145600434327887,0.13035031801226185,0.004069649033489041,0.0022581256577973987,0,True,True,0.07678074188906725,32,0.7650609792443457,True,0.0125,0.0125,0,0,False,False,640,0.0007093754999998314,0.0018832295000001272,0.00322460387999995,0.026463042000001824
rvt-phase6-qualification/v1,8,2,open_translation,61001,0.0,True,(),0.05205469464781709,0.10435735099324954,0.004011801201146702,0.0019708405576479462,0,True,True,0.07568852348542059,32,0.7582396344795248,True,0.0109375,0.0109375,0,0,False,False,640,0.0005965414999997698,0.0016227142999999378,0.002610850759999771,0.02203875099999797
rvt-phase6-qualification/v1,8,2,open_translation,61002,0.0,True,(),0.045622903353753755,0.08032620610128062,0.0031201486496740924,0.0019204994324919901,0,True,True,0.07125583104623648,31,0.7944075943773206,True,0.003125,0.003125,0,0,False,False,640,0.0005991454999998425,0.0016773583499996468,0.0024348956300002385,0.019962413999997874
rvt-phase6-qualification/v1,8,2,open_translation,61003,0.0,True,(),0.051294074469491066,0.12033195018117673,0.0015328497271008812,0.001075092793747238,0,True,True,0.07455678555134117,32,0.7388710704308502,True,0.0140625,0.0140625,0,0,False,False,640,0.000600333000000175,0.001884199650000484,0.0048820957500000425,0.024464292000005994
rvt-phase6-qualification/v1,8,2,open_translation,61004,0.0,True,(),0.049838363682818104,0.08964031076865714,0.0017225838270334397,0.0009618823707521806,0,True,True,0.07381044471106306,32,0.7322819773697103,True,0.0125,0.0125,0,0,False,False,640,0.0006046664999996842,0.001664645799999964,0.002633824240000106,0.02091796399999879
rvt-phase6-qualification/v1,8,2,open_translation,61005,0.0,True,(),0.05145604788984131,0.09323836286767731,0.0028817054074660215,0.0021764985937814387,0,True,True,0.07254744423191724,32,0.7757966092109292,True,0.0078125,0.0078125,0,0,False,False,640,0.0005991664999998036,0.001555420849999932,0.0024051482599999137,0.021089126999998875
rvt-phase6-qualification/v1,8,2,open_translation,61001,1.0471975511965976,True,(),0.05205469359586582,0.09144911773959034,0.0022661892091544534,0.001536619118982861,0,True,True,0.07426766499270523,32,0.8269266277971343,True,0.009375,0.009375,0,0,False,False,640,0.0005974369999997009,0.0017336357500002707,0.0026009586200001255,0.021688329999999922
rvt-phase6-qualification/v1,8,2,open_translation,61002,1.0471975511965976,True,(),0.04562288036802356,0.07629838728631162,0.0035100569720271247,0.0021860295651314338,0,True,True,0.07345702727381784,32,0.7942559212170421,True,0.0109375,0.0109375,0,0,False,False,640,0.0005999789999999727,0.0016280121499998126,0.002482223619999922,0.021321122000000692
rvt-phase6-qualification/v1,8,2,open_translation,61003,1.0471975511965976,True,(),0.05129406203122039,0.11375417809111983,0.003379230151931129,0.0017984122408138364,0,True,True,0.07280891581371793,32,0.8356624805983415,True,0.0078125,0.0078125,0,0,False,False,640,0.0005961039999995421,0.0015235877999999034,0.00208115974000035,0.021331252000003076
rvt-phase6-qualification/v1,8,2,open_translation,61004,1.0471975511965976,True,(),0.04983835241162749,0.08188708509727369,0.002052458592868775,0.0009972677381436795,0,True,True,0.07472229725036157,32,0.8007290392272433,True,0.0109375,0.0109375,0,0,False,False,640,0.0005982085000000303,0.001490774700000007,0.0020698930000002677,0.020906954000001754
rvt-phase6-qualification/v1,8,2,open_translation,61005,1.0471975511965976,True,(),0.051455998645966755,0.0978391913667524,0.00429710362305183,0.002719008416006999,0,True,True,0.07617137860950621,32,0.7265590493904596,True,0.0140625,0.0140625,0,0,False,False,640,0.00060404149999993,0.0016934482000003023,0.0023340722500000783,0.022225381000001043
rvt-phase6-qualification/v1,12,0,open_translation,61001,0.0,True,(),0.0539575834865659,0.13339504018598947,0.004013894571141102,0.0019845004272035973,0,True,True,0.07286632745931661,32,0.7547951736619101,True,0.010416666666666666,0.010416666666666666,0,0,False,False,960,0.001068521000000544,0.002775841050000105,0.0036779759699996626,0.07906453599999974
rvt-phase6-qualification/v1,12,0,open_translation,61002,0.0,True,(),0.046785826577247856,0.13092570438957193,0.0032216430688396798,0.0019078206854118622,0,True,True,0.07142645862848226,31,0.7337561795450374,True,0.004166666666666667,0.004166666666666667,0,0,False,False,960,0.001078104499999899,0.00302692324999998,0.0042281741900003,0.09551616799999607
rvt-phase6-qualification/v1,12,0,open_translation,61003,0.0,True,(),0.05940485376078366,0.1279214601779303,0.001834135370417422,0.001234575224449034,0,True,True,0.07297105072312346,32,0.7856817539549018,True,0.008333333333333333,0.008333333333333333,0,0,False,False,960,0.001072645499999858,0.002719516350000006,0.0035129319699999666,0.08205412700000014
rvt-phase6-qualification/v1,12,0,open_translation,61004,0.0,True,(),0.05379804632563155,0.11354082392257799,0.0022891745189463587,0.0010947467206029102,0,True,True,0.0761012297136643,32,0.7132359803561409,True,0.011458333333333333,0.011458333333333333,0,0,False,False,960,0.0010719784999997373,0.002869154150000419,0.003577712969999895,0.0852732470000026
rvt-phase6-qualification/v1,12,0,open_translation,61005,0.0,True,(),0.057966459156815635,0.10622679017832241,0.0022278939935351737,0.001311306418771127,0,True,True,0.07192226109163789,32,0.7598679951844665,True,0.008333333333333333,0.008333333333333333,0,0,False,False,960,0.0010614580000005702,0.0026995951999996045,0.003535005750000017,0.07907492200000021
rvt-phase6-qualification/v1,12,0,open_translation,61001,1.0471975511965976,True,(),0.053957595666883504,0.12804046124919746,0.002559342793721033,0.0014055715200389403,0,True,True,0.07147912121380702,31,0.7375870993826587,True,0.009375,0.009375,0,0,False,False,960,0.001072020999999701,0.0027937437499998548,0.0034007212499999715,0.08910212500000014
rvt-phase6-qualification/v1,12,0,open_translation,61002,1.0471975511965976,True,(),0.0467857931706253,0.12162996257848427,0.0024147906772929864,0.001426258574166899,0,True,True,0.07476871954763752,32,0.784654625755323,True,0.0125,0.0125,0,0,False,False,960,0.001082187499999776,0.0028833829999998168,0.0036235232800003905,0.0854060010000044
rvt-phase6-qualification/v1,12,0,open_translation,61003,1.0471975511965976,True,(),0.05940488970450249,0.11333515115697435,0.0018820557533933586,0.0011631364440434773,0,True,True,0.07538975742692786,32,0.7435942259656557,True,0.010416666666666666,0.010416666666666666,0,0,False,False,960,0.0010693744999996646,0.0028658896000004477,0.0035152025000000087,0.09181395699999584
rvt-phase6-qualification/v1,12,0,open_translation,61004,1.0471975511965976,True,(),0.05379808414494166,0.10558383051108317,0.0013155879584465272,0.0007698531616768201,0,True,True,0.07422557223263998,32,0.7967870735147599,True,0.009375,0.009375,0,0,False,False,960,0.0010780420000000568,0.0028298461500003,0.003839105279999893,0.08727904099999684
rvt-phase6-qualification/v1,12,0,open_translation,61005,1.0471975511965976,True,(),0.057966448698877876,0.11063433917005097,0.0026375612076754277,0.002003737286083886,0,True,True,0.07273171887790439,32,0.7695686347224665,True,0.008333333333333333,0.008333333333333333,0,0,False,False,960,0.0010802915000001079,0.00285109104999961,0.003794347940000362,0.09612712799999734
rvt-phase6-qualification/v1,12,5,open_translation,61001,0.0,True,(),0.05395754050878615,0.13251226650724607,0.0031330462649312293,0.002235412244946548,0,True,True,0.07329483791026527,32,0.7781846080277637,True,0.009375,0.009375,0,0,False,False,960,0.0009530000000004257,0.002460233650000098,0.003211875339999696,0.07407912399999361
rvt-phase6-qualification/v1,12,5,open_translation,61002,0.0,True,(),0.04678582535154938,0.14046267929878456,0.00788496837840291,0.004649590137749971,0,True,True,0.07176296113324776,32,0.7235994426461554,True,0.00625,0.00625,0,0,False,False,960,0.0009985210000000855,0.002551294100000012,0.00304503347000006,0.08779833499999956
rvt-phase6-qualification/v1,12,5,open_translation,61003,0.0,True,(),0.05940488457923189,0.13826993747088043,0.00343062301010447,0.0020524287225652314,0,True,True,0.07309824032792542,32,0.8052020462576758,True,0.008333333333333333,0.008333333333333333,0,0,False,False,960,0.0010514375000001408,0.0026723479499998425,0.003708793189999797,0.05129054200000294
rvt-phase6-qualification/v1,12,5,open_translation,61004,0.0,True,(),0.05379808169090014,0.1277750061203397,0.0033234736973868605,0.001935994146463349,0,True,True,0.07559494036107647,32,0.7610499840866304,True,0.011458333333333333,0.011458333333333333,0,0,False,False,960,0.0010406455000002701,0.0026299913499999938,0.0033160135300001944,0.048290331999996106
rvt-phase6-qualification/v1,12,5,open_translation,61005,0.0,True,(),0.057966422270614444,0.12294582072059054,0.006901296202252668,0.004451378133220912,0,True,True,0.0715902729621142,31,0.7571049299223979,True,0.00625,0.00625,0,0,False,False,960,0.0009480419999996492,0.002688262799999474,0.0033855187499998132,0.04776625499999998
rvt-phase6-qualification/v1,12,5,open_translation,61001,1.0471975511965976,True,(),0.0539575840609157,0.13646302105051322,0.0028410267200129615,0.0017370436360701115,0,True,True,0.07195292679523668,32,0.7312131523560905,True,0.00625,0.00625,0,0,False,False,960,0.0009773125000003269,0.002404699349999894,0.003120823749999902,0.051868209000002
rvt-phase6-qualification/v1,12,5,open_translation,61002,1.0471975511965976,True,(),0.04678581589703597,0.14033216494062795,0.0060293217946323675,0.0043733152457608865,0,True,True,0.07478498472140704,32,0.8069152487068877,True,0.0125,0.0125,0,0,False,False,960,0.001040833499999838,0.002667150649999694,0.003690834309999439,0.05388550400000014
rvt-phase6-qualification/v1,12,5,open_translation,61003,1.0471975511965976,True,(),0.05940491787801094,0.12850118300467234,0.002122942184786998,0.001452748230058742,0,True,True,0.07480499001074697,32,0.7570739436175021,True,0.011458333333333333,0.011458333333333333,0,0,False,False,960,0.0010556250000002265,0.002784312800000731,0.003936777840000258,0.05738287200000247
rvt-phase6-qualification/v1,12,5,open_translation,61004,1.0471975511965976,True,(),0.053798056903701826,0.1159389863684981,0.0017956029403366923,0.0009311968963741079,0,True,True,0.07428548992662076,32,0.7839387522179267,True,0.00625,0.00625,0,0,False,False,960,0.0010070414999998611,0.0025333621999997554,0.003208795220000135,0.051053831999998245
rvt-phase6-qualification/v1,12,5,open_translation,61005,1.0471975511965976,True,(),0.05796643662337736,0.13703502493107708,0.008829690408834114,0.006186370082247003,0,True,True,0.07258736137186557,32,0.7577034996440923,True,0.008333333333333333,0.008333333333333333,0,0,False,False,960,0.0010101039999996786,0.002585707699999994,0.0034496372200001502,0.05356079300000349
rvt-phase6-qualification/v1,12,2,open_translation,61001,0.0,True,(),0.053957658224963186,0.15376171001390013,0.007096306527732364,0.0035625075868005807,0,True,True,0.0732682411750443,32,0.8262673444053041,True,0.010416666666666666,0.010416666666666666,0,0,False,False,960,0.0007488334999998791,0.0019652465000000504,0.002743284440000396,0.03878287999999941
rvt-phase6-qualification/v1,12,2,open_translation,61002,0.0,True,(),0.04678596395998401,0.13919575209632534,0.007095475752469127,0.004569862819556096,0,True,True,0.07155587386091676,31,0.8112150850873565,True,0.00625,0.00625,0,0,False,False,960,0.000752479500000014,0.0020674517999997198,0.002696704249999841,0.04209654600000157
rvt-phase6-qualification/v1,12,2,open_translation,61003,0.0,True,(),0.05940494201659984,0.11511837503063514,0.0031698028139384203,0.0021160462462361733,0,True,True,0.07376203803068315,32,0.7710694423535002,True,0.008333333333333333,0.008333333333333333,0,0,False,False,960,0.000751061999999969,0.0019356295000001016,0.0025602666900003935,0.040338158000000846
rvt-phase6-qualification/v1,12,2,open_translation,61004,0.0,True,(),0.053798152507277014,0.11845152227915144,0.0035120256047902077,0.001992557260912686,0,True,True,0.07598817529495035,32,0.7464375115929908,True,0.013541666666666667,0.013541666666666667,0,0,False,False,960,0.0007525419999998562,0.0018697083500000653,0.002661369999999934,0.0409083719999952
rvt-phase6-qualification/v1,12,2,open_translation,61005,0.0,True,(),0.05796645062455468,0.13391936509224392,0.005949618388712407,0.004387624511612875,0,True,True,0.07184349316699548,32,0.8142943842626392,True,0.007291666666666667,0.007291666666666667,0,0,False,False,960,0.0007428750000002537,0.0019186666500000892,0.002745214999999498,0.03903078999999643
rvt-phase6-qualification/v1,12,2,open_translation,61001,1.0471975511965976,True,(),0.05395780395051649,0.1309084144903806,0.0062210367950021415,0.002920610844546753,0,True,True,0.07186430982737242,31,0.7615806689968679,True,0.008333333333333333,0.008333333333333333,0,0,False,False,960,0.0007479374999999067,0.0019736374999998136,0.002862214529999897,0.04924153900000228
rvt-phase6-qualification/v1,12,2,open_translation,61002,1.0471975511965976,True,(),0.04678597388797906,0.13004620451625182,0.00753533747694129,0.004307923908239005,0,True,True,0.07467309595876576,32,0.758976337833657,True,0.013541666666666667,0.013541666666666667,0,0,False,False,960,0.0007511459999998138,0.0018864211499996842,0.002640025060000058,0.040853917000001516
rvt-phase6-qualification/v1,12,2,open_translation,61003,1.0471975511965976,True,(),0.059404812339195964,0.11391226135595153,0.005880433804735135,0.0028259743904676757,0,True,True,0.07497305907735084,32,0.8102803774741356,True,0.010416666666666666,0.010416666666666666,0,0,False,False,960,0.000748270999999523,0.0018659809500003453,0.0027937513100003203,0.04035920900000267
rvt-phase6-qualification/v1,12,2,open_translation,61004,1.0471975511965976,True,(),0.05379809572685093,0.10927291646072794,0.002477424875838285,0.0013618624199432886,0,True,True,0.07441500075263459,32,0.8035141856319247,True,0.008333333333333333,0.008333333333333333,0,0,False,False,960,0.0007474794999997592,0.0018333330499999074,0.0025435985000001157,0.04177237800000366
rvt-phase6-qualification/v1,12,2,open_translation,61005,1.0471975511965976,True,(),0.05796644489278359,0.1484544697422452,0.007416827835203201,0.0060811191600538324,0,True,True,0.07264261864675438,32,0.8178048507861513,True,0.008333333333333333,0.008333333333333333,0,0,False,False,960,0.0007473959999995117,0.001914772250000185,0.0025819899999999186,0.04185370700000579
rvt-phase6-qualification/v1,16,0,open_translation,61001,0.0,True,(),0.05373270679855017,0.13280689434021742,0.004192349025102388,0.002189705741580109,0,True,True,0.07361833350442201,32,0.7746041367870992,True,0.00703125,0.00703125,0,0,False,False,1280,0.00146716700000038,0.003619691349999332,0.004458177500000255,0.10060346200000314
rvt-phase6-qualification/v1,16,0,open_translation,61002,0.0,True,(),0.05359626694917154,0.13964513766279493,0.002206977884609697,0.0013491641885410893,0,True,True,0.07291895550979471,32,0.7287734355670469,True,0.00625,0.00625,0,0,False,False,1280,0.0015129794999997337,0.003848951450000815,0.004875080140000139,0.10204687799999768
rvt-phase6-qualification/v1,16,0,open_translation,61003,0.0,True,(),0.057886749488269544,0.14507637017643876,0.005181627889904277,0.002839228566564965,0,True,True,0.07427937325066845,32,0.7390351032347294,True,0.01015625,0.01015625,0,0,False,False,1280,0.0014941665000001159,0.0036567167000005614,0.004499817679999634,0.10476246299999481
rvt-phase6-qualification/v1,16,0,open_translation,61004,0.0,True,(),0.05439578543191051,0.09316978499074483,0.002773141715076861,0.00165159685543948,0,True,True,0.07534114557421503,32,0.8175555585030442,True,0.00859375,0.00859375,0,0,False,False,1280,0.0015243335000008074,0.003780532699999206,0.004912043570000066,0.10946841200000268
rvt-phase6-qualification/v1,16,0,open_translation,61005,0.0,True,(),0.06316127323255052,0.10180037603851841,0.00393724751058817,0.0019722254002153936,0,True,True,0.07277750182986906,32,0.7649886426224816,True,0.0078125,0.0078125,0,0,False,False,1280,0.001529666499999749,0.0039982788500007695,0.006468263110000489,0.11577812399999843
rvt-phase6-qualification/v1,16,0,open_translation,61001,1.0471975511965976,True,(),0.053732702552382695,0.13803822476168054,0.006614451187457252,0.0033200108791576802,0,True,True,0.07398708273930567,32,0.7201355684794695,True,0.01015625,0.01015625,0,0,False,False,1280,0.0014883750000000973,0.0037164853999998027,0.004353287540000982,0.10679086899999923
rvt-phase6-qualification/v1,16,0,open_translation,61002,1.0471975511965976,True,(),0.05359626234779446,0.13217757379150477,0.0038546061560503007,0.0020680641356415927,0,True,True,0.07513160022871436,32,0.7759645733954458,True,0.009375,0.009375,0,0,False,False,1280,0.0015076669999993797,0.0038798702000002014,0.004846487569999668,0.10661513200000527
rvt-phase6-qualification/v1,16,0,open_translation,61003,1.0471975511965976,True,(),0.05788676619222872,0.1298906576961183,0.00581926402628989,0.002773392562231549,0,True,True,0.0744538225232968,32,0.7658328063033726,True,0.01015625,0.01015625,0,0,False,False,1280,0.0015227704999993819,0.003961850299999003,0.004695788679999018,0.11053933000000526
rvt-phase6-qualification/v1,16,0,open_translation,61004,1.0471975511965976,True,(),0.05439578808998307,0.10976104686469805,0.0034278651200868025,0.001690179662721056,0,True,True,0.0737815275441463,32,0.7790115973607579,True,0.00625,0.00625,0,0,False,False,1280,0.0014972914999997755,0.003788914550000566,0.004581175430000875,0.10792624899999659
rvt-phase6-qualification/v1,16,0,open_translation,61005,1.0471975511965976,True,(),0.06316124428400874,0.11410133475545149,0.003935836164245116,0.002169861611035116,0,True,True,0.07172645259594583,31,0.7802052711646631,True,0.0078125,0.0078125,0,0,False,False,1280,0.0014973125000006249,0.0037635836500012226,0.004523670680000809,0.10225074900000308
rvt-phase6-qualification/v1,16,5,open_translation,61001,0.0,True,(),0.05373264099992139,0.13119634795810142,0.004561494008079847,0.003012548447301761,0,True,True,0.07366986492880212,32,0.7730378682495725,True,0.00703125,0.00703125,0,0,False,False,1280,0.0012173539999995597,0.003244936050000735,0.004041434360000378,0.07941696299999279
rvt-phase6-qualification/v1,16,5,open_translation,61002,0.0,True,(),0.05359620215806622,0.14470099154910976,0.004538550910059103,0.0022906588334097653,0,True,True,0.07283119315127952,32,0.7590522079016063,True,0.00703125,0.00703125,0,0,False,False,1280,0.0012121045000004216,0.0030973732500000563,0.003924609289999811,0.09362421399999654
rvt-phase6-qualification/v1,16,5,open_translation,61003,0.0,True,(),0.05788679045118426,0.14674315862266263,0.007709739120537569,0.0038548385561086567,0,True,True,0.07440090773369086,32,0.7182039017228975,True,0.009375,0.009375,0,0,False,False,1280,0.0011911044999992626,0.0033249854499993953,0.004263000680000549,0.08020199699999786
rvt-phase6-qualification/v1,16,5,open_translation,61004,0.0,True,(),0.05439575397833061,0.09623170474238517,0.004240297694257746,0.0017494866984378212,0,True,True,0.07484408086578981,32,0.8122167539748875,True,0.009375,0.009375,0,0,False,False,1280,0.001187708500000717,0.0034369896000002063,0.0041827280699988055,0.09046170900000305
rvt-phase6-qualification/v1,16,5,open_translation,61005,0.0,True,(),0.06316124128805908,0.10684803968422031,0.003961372625385504,0.0025454795274406465,0,True,True,0.07277943690929382,32,0.7621197329002264,True,0.0078125,0.0078125,0,0,False,False,1280,0.0012222914999995282,0.0034172184000005315,0.0047975523900008156,0.08955412599999946
rvt-phase6-qualification/v1,16,5,open_translation,61001,1.0471975511965976,True,(),0.05373264807226108,0.1375019515728202,0.005582154573534885,0.0031863586940282292,0,True,True,0.07403365985902448,32,0.7496443929132268,True,0.01015625,0.01015625,0,0,False,False,1280,0.0012089584999994685,0.0033607711499989527,0.004163149430001259,0.0924875820000004
rvt-phase6-qualification/v1,16,5,open_translation,61002,1.0471975511965976,True,(),0.05359620769467231,0.13865176610036378,0.00449067612414026,0.002871138645487972,0,True,True,0.07469301990232764,32,0.8209775569739998,True,0.00859375,0.00859375,0,0,False,False,1280,0.001220874999999566,0.0033782621999997706,0.004400024320000409,0.09719804100000573
rvt-phase6-qualification/v1,16,5,open_translation,61003,1.0471975511965976,True,(),0.05788679506395647,0.13553450684632495,0.00425149854701796,0.002750938576711106,0,True,True,0.07416754518789181,32,0.734148240911643,True,0.009375,0.009375,0,0,False,False,1280,0.0011943539999998976,0.003268899350000875,0.004339203639999153,0.09132762300000152
rvt-phase6-qualification/v1,16,5,open_translation,61004,1.0471975511965976,True,(),0.05439575471685101,0.11424180475229902,0.0038371633436240114,0.0017177555280727319,0,True,True,0.07347696253023608,32,0.7647326177982409,True,0.00625,0.00625,0,0,False,False,1280,0.0012150209999992612,0.003384581250000006,0.004282089320001497,0.0968159960000019
rvt-phase6-qualification/v1,16,5,open_translation,61005,1.0471975511965976,True,(),0.06316122067664925,0.12034939775464419,0.005608130716760522,0.0032640898207149088,0,True,True,0.07213557848943682,32,0.7826760554438019,True,0.00625,0.00625,0,0,False,False,1280,0.0011881459999996125,0.00334292055000036,0.004266052929999822,0.09763508699999868
rvt-phase6-qualification/v1,16,2,open_translation,61001,0.0,True,(),0.05373269739294492,0.1333441780950406,0.006718186775670963,0.004037365903353022,0,True,True,0.07338895434889939,32,0.8170024573001486,True,0.00625,0.00625,0,0,False,False,1280,0.0008592080000004998,0.0023471895500000173,0.003142996430000821,0.07218170800001111
rvt-phase6-qualification/v1,16,2,open_translation,61002,0.0,True,(),0.053596256839154185,0.1482895590048125,0.007257417647499533,0.0038247163871555252,0,True,True,0.07272517382336174,32,0.7915406042957585,True,0.0078125,0.0078125,0,0,False,False,1280,0.0008573750000007152,0.002422489600000421,0.003300244000000244,0.0690592100000007
rvt-phase6-qualification/v1,16,2,open_translation,61003,0.0,True,(),0.05788663410522781,0.17144468648412892,0.006989019156755814,0.0038835395719778476,0,True,True,0.07416291016782105,32,0.7442842740696243,True,0.00859375,0.00859375,0,0,False,False,1280,0.0008571875000003004,0.0024017181499995204,0.0033249456799990897,0.06531233099999945
rvt-phase6-qualification/v1,16,2,open_translation,61004,0.0,True,(),0.05439558440427928,0.0940038322201479,0.0030282171985382,0.001918481522121501,0,True,True,0.07494396243018409,32,0.797453339157659,True,0.01015625,0.01015625,0,0,False,False,1280,0.0008635625000001923,0.002290402749999742,0.0032529226100005823,0.07218995799999917
rvt-phase6-qualification/v1,16,2,open_translation,61005,0.0,True,(),0.06316125193622238,0.10476228308373599,0.005684109725542095,0.003259486471983908,0,True,True,0.07298171425228651,32,0.77611957279029,True,0.0078125,0.0078125,0,0,False,False,1280,0.00087314549999995,0.0025537274000003046,0.0034911606099992743,0.07299054299998353
rvt-phase6-qualification/v1,16,2,open_translation,61001,1.0471975511965976,True,(),0.05373278933259656,0.14924689933544794,0.0083361861713319,0.004642435550447654,0,True,True,0.07381257270791154,32,0.7927005036803277,True,0.01015625,0.01015625,0,0,False,False,1280,0.00085550000000012,0.0022993996499996775,0.0031683182500001016,0.06173874899999987
rvt-phase6-qualification/v1,16,2,open_translation,61002,1.0471975511965976,True,(),0.05359634986010524,0.13828696008884092,0.006300226830231743,0.0035550974720811373,0,True,True,0.07444620658662866,32,0.810783956664876,True,0.009375,0.009375,0,0,False,False,1280,0.0008621665000001499,0.0023086044499997624,0.0032417889299990337,0.06997150800000718
rvt-phase6-qualification/v1,16,2,open_translation,61003,1.0471975511965976,True,(),0.057886644661800546,0.1456904032335727,0.0058033045630035765,0.003320437629918029,0,True,True,0.07441601359005925,32,0.7871980850537688,True,0.00859375,0.00859375,0,0,False,False,1280,0.0008599375000004628,0.0023074047999992685,0.0033090724599988707,0.059854285999993095
rvt-phase6-qualification/v1,16,2,open_translation,61004,1.0471975511965976,True,(),0.054395769639594235,0.11191219095482449,0.005505774530747394,0.0026925569493533247,0,True,True,0.0731877918050264,32,0.8058761479381892,True,0.00703125,0.00703125,0,0,False,False,1280,0.0008602704999995936,0.0022528371999992023,0.002920346430000137,0.06473896399999823
rvt-phase6-qualification/v1,16,2,open_translation,61005,1.0471975511965976,True,(),0.06316123378701642,0.11963250099718546,0.005819183577856037,0.004189275014747565,0,True,True,0.07222732950675578,32,0.8032804227817246,True,0.00703125,0.00703125,0,0,False,False,1280,0.0008584999999996512,0.0023847125000003183,0.003350195029999395,0.06355829299999449
rvt-phase6-qualification/v1,24,0,open_translation,61001,0.0,True,(),0.06213173073979606,0.12524588087671004,0.0054599532536623065,0.0020966148703269382,0,True,True,0.07442922765197824,32,0.7710338855444654,True,0.0125,0.0125,0,0,False,False,1920,0.0023636874999999336,0.005541844049999333,0.006895027999999035,0.2273626239999924
rvt-phase6-qualification/v1,24,0,open_translation,61002,0.0,True,(),0.059244866236765795,0.10636673860028083,0.002864200552075025,0.0013435718788191637,0,True,True,0.07143836924075476,31,0.7742727735933917,True,0.005729166666666666,0.005729166666666666,0,0,False,False,1920,0.002394104500000438,0.005629087499999484,0.007274884520001236,0.21677645699998926
rvt-phase6-qualification/v1,24,0,open_translation,61003,0.0,True,(),0.06278487311626163,0.14185501522246877,0.0076610329219964045,0.0029108589983655774,0,True,True,0.07500031288148165,32,0.7709643841191851,True,0.0109375,0.0109375,0,0,False,False,1920,0.002368750500001404,0.0056693172999997534,0.007060916730000616,0.2102653319999952
rvt-phase6-qualification/v1,24,0,open_translation,61004,0.0,True,(),0.06057944022743263,0.125214562615834,0.004265223173941194,0.0024844459559549767,0,True,True,0.07480425355551394,32,0.7774262072485004,True,0.008854166666666666,0.008854166666666666,0,0,False,False,1920,0.0024177915000000993,0.005786741350001279,0.007231824289998124,0.2494253269999991
rvt-phase6-qualification/v1,24,0,open_translation,61005,0.0,True,(),0.05839995899428085,0.1142958122508661,0.002187428520133931,0.001272634183473178,0,True,True,0.07538097665707413,32,0.762676255574817,True,0.013020833333333334,0.013020833333333334,0,0,False,False,1920,0.002410708500000247,0.006059995550001051,0.007389719289999571,0.20591174700000003
rvt-phase6-qualification/v1,24,0,open_translation,61001,1.0471975511965976,True,(),0.062131731115409906,0.13431107692950323,0.0048053462975015575,0.002692049771289925,0,True,True,0.07446963546223005,32,0.7878492216048759,True,0.013020833333333334,0.013020833333333334,0,0,False,False,1920,0.002391250000000511,0.005765777749998602,0.0068939500000014305,0.2293022910000051
rvt-phase6-qualification/v1,24,0,open_translation,61002,1.0471975511965976,True,(),0.059244878859320546,0.10584942140757664,0.0030919273352956736,0.0011341746061481073,0,True,True,0.0734329742319049,32,0.7664041803073819,True,0.007291666666666667,0.007291666666666667,0,0,False,False,1920,0.002391187500000669,0.005734267000000592,0.007333526730000109,0.23963041999998502
rvt-phase6-qualification/v1,24,0,open_translation,61003,1.0471975511965976,True,(),0.06278486805526994,0.15807404727931418,0.003017992694271645,0.0019373614192589035,0,True,True,0.07435394811809644,32,0.7417046263638951,True,0.009895833333333333,0.009895833333333333,0,0,False,False,1920,0.0024063749999987394,0.005651614250001114,0.00695914595999973,0.21941187500001114
rvt-phase6-qualification/v1,24,0,open_translation,61004,1.0471975511965976,True,(),0.06057943099403126,0.13286509027198054,0.005656868982375614,0.0022855038841052546,0,True,True,0.07450358914570354,32,0.7916840106083756,True,0.010416666666666666,0.010416666666666666,0,0,False,False,1920,0.0023770624999999157,0.005443633349999643,0.006768647980001602,0.21827120299999692
rvt-phase6-qualification/v1,24,0,open_translation,61005,1.0471975511965976,True,(),0.05839993916044683,0.13173922908505045,0.003841250729721062,0.001804303679771641,0,True,True,0.0761491677551961,32,0.787569080551415,True,0.013020833333333334,0.013020833333333334,0,0,False,False,1920,0.002312416499999692,0.005442545849999724,0.007195900209997958,0.20928275300000898
rvt-phase6-qualification/v1,24,5,open_translation,61001,0.0,True,(),0.062131811786676844,0.11204271588290683,0.004694379895082903,0.002035248495174078,0,True,True,0.07449045343482244,32,0.7608094460170189,True,0.0109375,0.0109375,0,0,False,False,1920,0.0015713959999992255,0.003903187500001159,0.004721740709999975,0.14758983300001383
rvt-phase6-qualification/v1,24,5,open_translation,61002,0.0,True,(),0.05924487830337531,0.1177485636556474,0.0020529815098994015,0.0013589909958606917,0,True,True,0.07140524075880234,31,0.7719116561881147,True,0.005208333333333333,0.005208333333333333,0,0,False,False,1920,0.0015581039999990054,0.0038375211500014214,0.004718595999998098,0.16996775300000344
rvt-phase6-qualification/v1,24,5,open_translation,61003,0.0,True,(),0.06278484061181903,0.13108730194804924,0.004838869466612239,0.002369019701479672,0,True,True,0.07494595813775223,32,0.7288933383702606,True,0.011458333333333333,0.011458333333333333,0,0,False,False,1920,0.0015677914999994158,0.004005854800001351,0.0051654690199993405,0.167163618999993
rvt-phase6-qualification/v1,24,5,open_translation,61004,0.0,True,(),0.06057957983505173,0.12138514896231198,0.0037622975752574766,0.00160310850310741,0,True,True,0.07426508909516859,32,0.7683175155454058,True,0.009375,0.009375,0,0,False,False,1920,0.001549896000000217,0.003981173249999514,0.005258544249998919,0.16368021300002056
rvt-phase6-qualification/v1,24,5,open_translation,61005,0.0,True,(),0.05839994426810523,0.119122120182783,0.0031227093802425384,0.0019246097771876151,0,True,True,0.07550093457695015,32,0.7750586405130837,True,0.0125,0.0125,0,0,False,False,1920,0.0015620829999996033,0.003986776450000561,0.005190410000000262,0.16875242099999
rvt-phase6-qualification/v1,24,5,open_translation,61001,1.0471975511965976,True,(),0.06213198210350522,0.11540429981338936,0.006670788937975259,0.0027769955273318895,0,True,True,0.07491256078748675,32,0.7394018851478709,True,0.011979166666666667,0.011979166666666667,0,0,False,False,1920,0.0015538955000007348,0.003991372949998606,0.005511012479999023,0.16211245499998483
rvt-phase6-qualification/v1,24,5,open_translation,61002,1.0471975511965976,True,(),0.059244896972498066,0.12038738970983484,0.0028954722810124183,0.0013160214832211334,0,True,True,0.07330516204617475,32,0.7821891037406539,True,0.0078125,0.0078125,0,0,False,False,1920,0.0015511460000006139,0.004109996450001141,0.0051940872499987014,0.16698717100000593
rvt-phase6-qualification/v1,24,5,open_translation,61003,1.0471975511965976,True,(),0.06278485095516093,0.1516035391961393,0.003839360091278527,0.0019471828585590064,0,True,True,0.07405917344418161,32,0.6767987460243379,True,0.009375,0.009375,0,0,False,False,1920,0.0015594164999992444,0.004132452050000343,0.0054034767300000265,0.1767234120000012
rvt-phase6-qualification/v1,24,5,open_translation,61004,1.0471975511965976,True,(),0.06057943538592159,0.1309331593451659,0.003131839215902207,0.001932486173431101,0,True,True,0.07428507940766473,32,0.7473870714919159,True,0.009895833333333333,0.009895833333333333,0,0,False,False,1920,0.001556229500000228,0.004019862799997576,0.005082947500002425,0.16392575199999726
rvt-phase6-qualification/v1,24,5,open_translation,61005,1.0471975511965976,True,(),0.05839991061970931,0.12734252047934116,0.006682529715720728,0.003425548950326902,0,True,True,0.07569841445390088,32,0.7727770419862193,True,0.013541666666666667,0.013541666666666667,0,0,False,False,1920,0.0015540835000003028,0.004095586050001643,0.004902165710002357,0.1623158699999827
rvt-phase6-qualification/v1,24,2,open_translation,61001,0.0,True,(),0.06213152189991136,0.11845197444128334,0.0065654520943904775,0.0025511366019947915,0,True,True,0.07469660593201834,32,0.7701667515574229,True,0.011458333333333333,0.011458333333333333,0,0,False,False,1920,0.001095729499999365,0.0031890729000002335,0.004301338460001741,0.1205767910000013
rvt-phase6-qualification/v1,24,2,open_translation,61002,0.0,True,(),0.059244857094612274,0.12145074061364992,0.004575530281184701,0.0022298834486296393,0,True,True,0.07120940348390736,31,0.8086676826979692,True,0.005729166666666666,0.005729166666666666,0,0,False,False,1920,0.0010998334999996473,0.002993631250001805,0.004068560750002027,0.13707991599999403
rvt-phase6-qualification/v1,24,2,open_translation,61003,0.0,True,(),0.06278487288761578,0.13952233306813197,0.004692236951111767,0.00269270913399298,0,True,True,0.07513009814392738,32,0.7370807625911121,True,0.010416666666666666,0.010416666666666666,0,0,False,False,1920,0.0010917080000005797,0.0031437517500000566,0.004072261020000236,0.11761041500000857
rvt-phase6-qualification/v1,24,2,open_translation,61004,0.0,True,(),0.06057958535331957,0.1369862182921796,0.003981319671387836,0.002227068782716234,0,True,True,0.0744028113979698,32,0.7967464664709234,True,0.008854166666666666,0.008854166666666666,0,0,False,False,1920,0.0010854579999985958,0.0028870319000018794,0.0037455997899985857,0.1246014630000083
rvt-phase6-qualification/v1,24,2,open_translation,61005,0.0,True,(),0.05839984164863096,0.1207725206924873,0.003970812908445529,0.0023584492482739017,0,True,True,0.07544007849365636,32,0.7769540583493634,True,0.011979166666666667,0.011979166666666667,0,0,False,False,1920,0.0010345625000010017,0.00157971904999936,0.0029817009600004944,0.09338774700000485
rvt-phase6-qualification/v1,24,2,open_translation,61001,1.0471975511965976,True,(),0.06213147759448937,0.13532219458351824,0.008003829065245958,0.0033335363980006227,0,True,True,0.07483053498582133,32,0.7916359597210302,True,0.011979166666666667,0.011979166666666667,0,0,False,False,1920,0.0010355835000002145,0.001417610449999351,0.002845628479999752,0.09650470700001179
rvt-phase6-qualification/v1,24,2,open_translation,61002,1.0471975511965976,True,(),0.05924484824488201,0.11036809385049763,0.003603128298570297,0.001708068570355653,0,True,True,0.07325766180437276,32,0.7200202040880022,True,0.009375,0.009375,0,0,False,False,1920,0.0010365205000013589,0.001333604149998102,0.002640221960001305,0.09779554300001791
rvt-phase6-qualification/v1,24,2,open_translation,61003,1.0471975511965976,True,(),0.06278486540843498,0.1567683739832045,0.005691622065234331,0.0027064520462067444,0,True,True,0.07430995139661484,32,0.7604073267817738,True,0.009895833333333333,0.009895833333333333,0,0,False,False,1920,0.0010277714999986642,0.0012418851000015607,0.0023145429799984593,0.09179204099997662
rvt-phase6-qualification/v1,24,2,open_translation,61004,1.0471975511965976,True,(),0.060579485874820316,0.14227538362778877,0.004225092724195528,0.0020106163817751772,0,True,True,0.07428415827132819,32,0.7992018224484297,True,0.009895833333333333,0.009895833333333333,0,0,False,False,1920,0.0010188960000014902,0.0011733000000006654,0.0023183230399998673,0.09216287200002071
rvt-phase6-qualification/v1,24,2,open_translation,61005,1.0471975511965976,True,(),0.05839998042571073,0.1383213493937098,0.00672235509191547,0.0035821525555377594,0,True,True,0.0756945974095553,32,0.7437298985216731,True,0.011458333333333333,0.011458333333333333,0,0,False,False,1920,0.0010086665000006434,0.001176624399999504,0.0015352059599991806,0.08885500199999541
