team_size,topology_id,fixture_class,episode_count,valid_initial_condition_rate,collision_free_rate,dwell_completion_rate,goal_reaching_rate,deadlock_rate,numerical_failure_rate,minimum_robot_robot_distance_meters,mean_initial_formation_error_meters,mean_maximum_formation_error_meters,mean_final_formation_error_meters,mean_final_goal_error_meters,mean_saturation_rate,mean_projection_intervention_rate,projection_infeasible_count,solver_failure_count,median_of_episode_controller_latency_seconds
5,0,bounded_position,5,1.0,1.0,1.0,1.0,0.0,0.0,0.8335091709815177,0.048135848513991296,0.048135848513991296,0.0005531115351282792,0.00014256621628004504,0.0,0.0,0,0,0.0004509580000000013
5,0,bounded_velocity,5,1.0,1.0,1.0,1.0,0.0,0.0,0.8142905651562181,4.5236744724522523e-08,0.06834082739840253,0.0012516695115886093,0.0002072237154835482,0.0,0.0,0,0,0.0004435205000000719
5,0,combined_perturbation,5,1.0,1.0,1.0,1.0,0.0,0.0,0.827268674223647,0.048135848513991296,0.0765539705446232,0.0011884147035692773,0.00031245462597370444,0.0,0.0,0,0,0.0004420625000000067
5,0,exact_topology,5,1.0,1.0,1.0,1.0,0.0,0.0,0.8999999999999999,4.5236744724522523e-08,4.5236744724522523e-08,4.5236744724522523e-08,1.1102230246251566e-17,0.0,0.0,0,0,0.0004472085000000181
5,2,bounded_position,5,1.0,1.0,1.0,1.0,0.0,0.0,0.8374560027164866,0.048135861333375544,0.048135861333375544,0.0006262799133227294,0.00020615397390142857,0.0,0.0,0,0,0.00043879099999999394
5,2,bounded_velocity,5,1.0,1.0,1.0,1.0,0.0,0.0,0.8145571923823156,4.768371586472142e-08,0.06892937649711156,0.001616797087406377,0.0002147070885582931,0.0,0.0,0,0,0.0004387704999999631
5,2,combined_perturbation,5,1.0,1.0,1.0,1.0,0.0,0.0,0.8058015172474371,0.048135861333375544,0.07152815406799991,0.001432265923110985,0.0004160256423757531,0.0,0.0,0,0,0.0004393959999999808
5,2,exact_topology,5,1.0,1.0,1.0,1.0,0.0,0.0,0.9,4.768371586472142e-08,4.768371586472142e-08,4.768371586472142e-08,4.4408920985006264e-17,0.0,0.0,0,0,0.00042087500000009825
5,5,bounded_position,5,1.0,1.0,1.0,1.0,0.0,0.0,0.8278689142839414,0.04813584810790027,0.04813584810790027,0.0006237317130705651,0.00015425710520630307,0.0,0.0,0,0,0.000442249499999936
5,5,bounded_velocity,5,1.0,1.0,1.0,1.0,0.0,0.0,0.7952791632531863,4.5236744724522523e-08,0.06750867091046957,0.0014071876675684138,0.00023303648367129057,0.0,0.0,0,0,0.00044366699999998094
5,5,combined_perturbation,5,1.0,1.0,1.0,1.0,0.0,0.0,0.7632168200941923,0.04813584810790027,0.07302460351312241,0.0012530641354271963,0.0003219518832018044,0.0,0.0,0,0,0.0004412285000000571
5,5,exact_topology,5,1.0,1.0,1.0,1.0,0.0,0.0,0.8999999999999999,4.5236744724522523e-08,4.5236744724522523e-08,4.5236744724522523e-08,2.2204460492503132e-17,0.0,0.0,0,0,0.00044162500000000104
6,0,bounded_position,5,1.0,1.0,1.0,1.0,0.0,0.0,0.8335091709815179,0.04914474782435682,0.04914474782435682,0.0005423836434587154,0.0001646868934864995,0.0,0.0,0,0,0.0005087499999998357
6,0,bounded_velocity,5,1.0,1.0,1.0,1.0,0.0,0.0,0.8143026938751632,2.6656007523325565e-08,0.0708553667747394,0.001275496023362427,0.00013456472587774037,0.0,0.0,0,0,0.0005017084999998644
6,0,combined_perturbation,5,1.0,1.0,1.0,1.0,0.0,0.0,0.8047686097430212,0.04914474782435682,0.07582279604929128,0.0013905881270123484,0.00027962358049904467,0.0,0.0,0,0,0.0005047920000000872
6,0,exact_topology,5,1.0,1.0,1.0,1.0,0.0,0.0,0.9,2.6656007523325565e-08,2.6656007523325565e-08,2.6656007523325565e-08,1.850371707708594e-17,0.0,0.0,0,0,0.0005011665000000942
6,2,bounded_position,5,1.0,1.0,1.0,1.0,0.0,0.0,0.8374560027164863,0.0491447409639576,0.0491447409639576,0.000744777222259036,0.0001627641329942406,0.0,0.0,0,0,0.0004880835000000694
6,2,bounded_velocity,5,1.0,1.0,1.0,1.0,0.0,0.0,0.814572561430631,2.3841857821338408e-08,0.07284214606020303,0.001362703398462277,0.00022501220011078167,0.0,0.0,0,0,0.0004809165000001503
6,2,combined_perturbation,5,1.0,1.0,1.0,1.0,0.0,0.0,0.7909863371988172,0.0491447409639576,0.07675001638842585,0.001377753144354342,0.00028018347951905634,0.0,0.0,0,0,0.0004918125000004103
6,2,exact_topology,5,1.0,1.0,1.0,1.0,0.0,0.0,0.8999999999999999,2.3841857821338408e-08,2.3841857821338408e-08,2.3841857821338408e-08,7.401486830834377e-17,0.0,0.0,0,0,0.00045991650000010154
6,5,bounded_position,5,1.0,1.0,1.0,1.0,0.0,0.0,0.8278689142839415,0.049144748696731105,0.049144748696731105,0.0005072007068389006,0.00013846893142805653,0.0,0.0,0,0,0.0005052295000003149
6,5,bounded_velocity,5,1.0,1.0,1.0,1.0,0.0,0.0,0.7933184254342796,2.6656007523325565e-08,0.07129404951036858,0.0013817312734426344,0.00016491534617179296,0.0,0.0,0,0,0.0005047289999997595
6,5,combined_perturbation,5,1.0,1.0,1.0,1.0,0.0,0.0,0.7953602750808366,0.049144748696731105,0.0798991597843979,0.0014067480417725895,0.00025350281323149637,0.0,0.0,0,0,0.0005076870000002565
6,5,exact_topology,5,1.0,1.0,1.0,1.0,0.0,0.0,0.9,2.6656007523325565e-08,2.6656007523325565e-08,2.6656007523325565e-08,0.0,0.0,0.0,0,0,0.0005027920000000297
8,0,bounded_position,5,1.0,1.0,1.0,1.0,0.0,0.0,0.8077602910476548,0.05005322415909863,0.05005322415909863,0.0006846396576765367,0.0001155455159891377,0.0,0.0,0,0,0.0006478544999994895
8,0,bounded_velocity,5,1.0,1.0,1.0,1.0,0.0,0.0,0.7727075165569347,5.2538481191342785e-08,0.07152484849399024,0.001577649973800592,0.0001202035559962361,0.0,0.0,0,0,0.0006422079999994779
8,0,combined_perturbation,5,1.0,1.0,1.0,1.0,0.0,0.0,0.7394245807743959,0.05005322415909863,0.07559037995426673,0.0016808052445152616,0.00021688805463735932,0.0,0.0,0,0,0.0006433330000001902
8,0,exact_topology,5,1.0,1.0,1.0,1.0,0.0,0.0,0.8999999999999999,5.2538481191342785e-08,5.2538481191342785e-08,5.2538481191342785e-08,5.618469141565346e-17,0.0,0.0,0,0,0.0006386250000001148
8,2,bounded_position,5,1.0,1.0,1.0,1.0,0.0,0.0,0.8374560027164866,0.050053216808744264,0.050053216808744264,0.0006975293665560905,0.00010729345276768926,0.0,0.0,0,0,0.000550395999999953
8,2,bounded_velocity,5,1.0,1.0,1.0,1.0,0.0,0.0,0.8145718742079571,9.536743172944284e-08,0.07438940717576117,0.001467243438146628,0.0002344184987787614,0.0,0.0,0,0,0.00055362499999978
8,2,combined_perturbation,5,1.0,1.0,1.0,1.0,0.0,0.0,0.7708879197519066,0.050053216808744264,0.07475353097046325,0.0017217947723333546,0.0003169510668163903,0.0,0.0,0,0,0.0005510415000000712
8,2,exact_topology,5,1.0,1.0,1.0,1.0,0.0,0.0,0.8999999999999999,9.536743172944284e-08,9.536743172944284e-08,9.536743172944284e-08,5.551115123125783e-17,0.0,0.0,0,0,0.0005234789999999379
8,5,bounded_position,5,1.0,1.0,1.0,1.0,0.0,0.0,0.8052020462576758,0.05005320874675915,0.05005320874675915,0.0006109209251469176,0.00012991029121994059,0.0,0.0,0,0,0.0006417499999997744
8,5,bounded_velocity,5,1.0,1.0,1.0,1.0,0.0,0.0,0.7698895884723808,2.6656007424024197e-08,0.07428956436977954,0.0013799987340742813,0.00011060315225482733,0.0,0.0,0,0,0.0006455625000003629
8,5,combined_perturbation,5,1.0,1.0,1.0,1.0,0.0,0.0,0.7864670202301708,0.05005320874675915,0.08109921836461367,0.001515698462342929,0.0002447014563454265,0.0,0.0,0,0,0.0006401455000002443
8,5,exact_topology,5,1.0,1.0,1.0,1.0,0.0,0.0,0.9,2.6656007424024197e-08,2.6656007424024197e-08,2.6656007424024197e-08,0.0,0.0,0.0,0,0,0.000630979000000309
12,0,bounded_position,5,1.0,1.0,1.0,1.0,0.0,0.0,0.8259425120815785,0.054382553861408924,0.054382553861408924,0.0007088145712721366,9.032273815970561e-05,0.0,0.0,0,0,0.0009865205000001431
12,0,bounded_velocity,5,1.0,1.0,1.0,1.0,0.0,0.0,0.79114295401903,3.371747876161245e-08,0.07773249099980065,0.0017014139678870651,8.785323389166764e-05,0.0,0.0,0,0,0.000983291499999872
12,0,combined_perturbation,5,1.0,1.0,1.0,1.0,0.0,0.0,0.7512925412710164,0.054382553861408924,0.09732387524936029,0.001772678685994914,0.00019561705837088818,0.0,0.0,0,0,0.0009863750000000948
12,0,exact_topology,5,1.0,1.0,1.0,1.0,0.0,0.0,0.9,3.371747876161245e-08,3.371747876161245e-08,3.371747876161245e-08,1.850371707708594e-17,0.0,0.0,0,0,0.0009735839999991391
12,2,bounded_position,5,1.0,1.0,1.0,1.0,0.0,0.0,0.8237580748851717,0.054382633466675746,0.054382633466675746,0.0008203883759469746,9.13541100301805e-05,0.0,0.0,0,0,0.0006868544999996118
12,2,bounded_velocity,5,1.0,1.0,1.0,1.0,0.0,0.0,0.7969041515055509,1.9073486345888568e-07,0.07951107937325678,0.0017289308141937372,0.00011763929490581653,0.0,0.0,0,0,0.0006891044999992602
12,2,combined_perturbation,5,1.0,1.0,1.0,1.0,0.0,0.0,0.7766549204343638,0.054382633466675746,0.09815965560825765,0.0017296340224631783,0.00021154407883211388,0.0,0.0,0,0,0.0006932499999994235
12,2,exact_topology,5,1.0,1.0,1.0,1.0,0.0,0.0,0.8999999999999999,1.9073486345888568e-07,1.9073486345888568e-07,1.9073486345888568e-07,0.0,0.0,0.0,0,0,0.0006444584999991676
12,5,bounded_position,5,1.0,1.0,1.0,1.0,0.0,0.0,0.8052020462576758,0.05438255088021641,0.05438255088021641,0.0006977174923302166,9.128294101685505e-05,0.0,0.0,0,0,0.0009737914999998765
12,5,bounded_velocity,5,1.0,1.0,1.0,1.0,0.0,0.0,0.7680841380676058,2.6656007424024197e-08,0.08101946014722146,0.0016570177204209328,0.00011374116054765181,0.0,0.0,0,0,0.0009704789999993579
12,5,combined_perturbation,5,1.0,1.0,1.0,1.0,0.0,0.0,0.7457986878096637,0.05438255088021641,0.10339654050305662,0.0017925511255716515,0.0002466434893636425,0.0,0.0,0,0,0.0009719794999991649
12,5,exact_topology,5,1.0,1.0,1.0,1.0,0.0,0.0,0.8999999999999999,2.6656007424024197e-08,2.6656007424024197e-08,2.6656007424024197e-08,0.0,0.0,0.0,0,0,0.0009411250000006532
16,0,bounded_position,5,1.0,1.0,1.0,1.0,0.0,0.0,0.8171014151612774,0.05655455638009046,0.05655455638009046,0.00083002033663662,7.376729886066766e-05,0.0,0.0,0,0,0.0013768955000008631
16,0,bounded_velocity,5,1.0,1.0,1.0,1.0,0.0,0.0,0.785452971455664,3.371747868310783e-08,0.08261595647510143,0.001775913893550454,8.257870592510992e-05,0.0,0.0,0,0,0.0013768335000001741
16,0,combined_perturbation,5,1.0,1.0,1.0,1.0,0.0,0.0,0.7669609925635408,0.05655455638009046,0.09597662631646516,0.002146606809387709,0.00017642753278734503,0.0,0.0,0,0,0.0013662085000021307
16,0,exact_topology,5,1.0,1.0,1.0,1.0,0.0,0.0,0.9,3.371747868310783e-08,3.371747868310783e-08,3.371747868310783e-08,2.7755575615628914e-17,0.0,0.0,0,0,0.0013279585000001148
16,2,bounded_position,5,1.0,1.0,1.0,1.0,0.0,0.0,0.8120266744522744,0.05655448493556572,0.05655448493556572,0.0008304752132031166,0.00010183516191767633,0.0,0.0,0,0,0.0008039790000005098
16,2,bounded_velocity,5,1.0,1.0,1.0,1.0,0.0,0.0,0.7821304619121473,1.9073486345888568e-07,0.08269007161278429,0.001896719725856776,0.00012033093497148448,0.0,0.0,0,0,0.000811667000000682
16,2,combined_perturbation,5,1.0,1.0,1.0,1.0,0.0,0.0,0.790861270928861,0.05655448493556572,0.09787476659926529,0.0017812049962272667,0.00017408254798719495,0.0,0.0,0,0,0.0008090625000001239
16,2,exact_topology,5,1.0,1.0,1.0,1.0,0.0,0.0,0.8999999999999995,1.9073486345888568e-07,1.9073486345888568e-07,1.9073486345888568e-07,5.551115123125783e-17,0.0,0.0,0,0,0.0007551454999994434
16,5,bounded_position,5,1.0,1.0,1.0,1.0,0.0,0.0,0.8052020462576758,0.05655452577511231,0.05655452577511231,0.0008176012100974038,0.00011341733640373736,0.0,0.0,0,0,0.0010937085000009006
16,5,bounded_velocity,5,1.0,1.0,1.0,1.0,0.0,0.0,0.7680840132163405,9.610960192450418e-08,0.08486012620831966,0.001678194651714106,8.525070101579053e-05,0.0,0.0,0,0,0.0010996460000001207
16,5,combined_perturbation,5,1.0,1.0,1.0,1.0,0.0,0.0,0.7651997812612565,0.05655452577511231,0.09786698056024082,0.0018670320635396874,0.00018650923921654318,0.0,0.0,0,0,0.0011017915000000045
16,5,exact_topology,5,1.0,1.0,1.0,1.0,0.0,0.0,0.8999999999999999,9.610960192450418e-08,9.610960192450418e-08,9.610960192450418e-08,5.551115123125783e-17,0.0,0.0,0,0,0.0010650834999985648
24,0,bounded_position,5,1.0,1.0,1.0,1.0,0.0,0.0,0.8146870061640782,0.0606281738629074,0.0606281738629074,0.0009183240275349829,0.00010132905519847268,0.0,0.0,0,0,0.0023246874999998113
24,0,bounded_velocity,5,1.0,1.0,1.0,1.0,0.0,0.0,0.7785505111034214,3.8107775298319793e-08,0.08808327150486507,0.0016519167021400653,9.392635722784387e-05,0.0,0.0,0,0,0.002458500500003069
24,0,combined_perturbation,5,1.0,1.0,1.0,1.0,0.0,0.0,0.7831828028792623,0.0606281738629074,0.0953179542601934,0.002162797117960962,0.00011193438500713242,0.0,0.0,0,0,0.002443104000004581
24,0,exact_topology,5,1.0,1.0,1.0,1.0,0.0,0.0,0.9,3.8107775298319793e-08,3.8107775298319793e-08,3.8107775298319793e-08,8.981929940064154e-17,0.0,0.0,0,0,0.0022720835000011874
24,2,bounded_position,5,1.0,1.0,1.0,1.0,0.0,0.0,0.8120266744522739,0.060628135776817985,0.060628135776817985,0.0008792955322398163,8.599719596413412e-05,0.0,0.0,0,0,0.0011183125000009397
24,2,bounded_velocity,5,1.0,1.0,1.0,1.0,0.0,0.0,0.7821300930561558,3.8146972691777137e-07,0.09168589851012614,0.0016757939415410054,9.946609033804576e-05,0.0,0.0,0,0,0.0011022919999987835
24,2,combined_perturbation,5,1.0,1.0,1.0,1.0,0.0,0.0,0.7806507366603644,0.060628135776817985,0.09585354304548896,0.0017381138544372784,0.00017371886430957373,0.0,0.0,0,0,0.0010922710000009772
24,2,exact_topology,5,1.0,1.0,1.0,1.0,0.0,0.0,0.8999999999999986,3.8146972691777137e-07,3.8146972691777137e-07,3.8146972691777137e-07,2.9605947323337506e-16,0.0,0.0,0,0,0.0010726454999989699
24,5,bounded_position,5,1.0,1.0,1.0,1.0,0.0,0.0,0.8052020462576758,0.06062821096100564,0.06062821096100564,0.0009387267281140918,8.735369522157103e-05,0.0,0.0,0,0,0.0016081459999988112
24,5,bounded_velocity,5,1.0,1.0,1.0,1.0,0.0,0.0,0.7680840132162717,1.9110702940001053e-07,0.09329988270663396,0.0018359177597776465,0.0001077937242149925,0.0,0.0,0,0,0.0016177709999993795
24,5,combined_perturbation,5,1.0,1.0,1.0,1.0,0.0,0.0,0.775014190785613,0.06062821096100564,0.09519516539690229,0.0018511153369778401,0.00014038130292815416,0.0,0.0,0,0,0.0016252500000035752
24,5,exact_topology,5,1.0,1.0,1.0,1.0,0.0,0.0,0.8999999999999999,1.9110702940001053e-07,1.9110702940001053e-07,1.9110702940001053e-07,7.401486830834377e-17,0.0,0.0,0,0,0.001518208000000243
