benchmark_tag,git_commit,action_loss,action_rmse_mps2,action_rmse_norm,epoch,grad_norm,has_nan,model,param_update_norm,rank_loss,ranking_accuracy,score_loss,score_rmse,step,target_action_std,test,topology_accuracy,topology_loss,total_loss,train_loss,val_collapse,val_collision_free,val_deadlock,val_form_ok,val_form_rms_mean,val_goal_reached,val_loss,val_success,val_time_in_tube
benchmark-protocol-v2-smoke,3e93d9541e1516c24a7d89448de0f33daf2b8421,0.09412943571805954,0.1483493149280548,0.24724885821342468,,0.8781629204750061,0,gnn_only,0.5031538605690002,0.0,nan,0.0,nan,0,0.25245416164398193,micro_overfit,nan,0.0,0.09412943571805954,,,,,,,,,,
benchmark-protocol-v2-smoke,3e93d9541e1516c24a7d89448de0f33daf2b8421,0.0009411402861587703,0.014511723071336746,0.024186205118894577,,0.17744484543800354,0,gnn_only,0.05373074859380722,0.0,nan,0.0,nan,100,0.25245416164398193,micro_overfit,nan,0.0,0.0009411402861587703,,,,,,,,,,
benchmark-protocol-v2-smoke,3e93d9541e1516c24a7d89448de0f33daf2b8421,0.00013967051927465945,0.008114529959857463,0.01352421659976244,,0.018035927787423134,0,gnn_only,0.027503924444317818,0.0,nan,0.0,nan,200,0.25245416164398193,micro_overfit,nan,0.0,0.00013967051927465945,,,,,,,,,,
benchmark-protocol-v2-smoke,3e93d9541e1516c24a7d89448de0f33daf2b8421,5.8784804423339665e-05,0.004686824418604373,0.00781137403100729,,0.007416941691190004,0,gnn_only,0.0159071683883667,0.0,nan,0.0,nan,300,0.25245416164398193,micro_overfit,nan,0.0,5.8784804423339665e-05,,,,,,,,,,
benchmark-protocol-v2-smoke,3e93d9541e1516c24a7d89448de0f33daf2b8421,4.3230713345110416e-05,0.004421203304082155,0.007368672173470259,,0.009858581237494946,0,gnn_only,0.015926506370306015,0.0,nan,0.0,nan,400,0.25245416164398193,micro_overfit,nan,0.0,4.3230713345110416e-05,,,,,,,,,,
benchmark-protocol-v2-smoke,3e93d9541e1516c24a7d89448de0f33daf2b8421,3.180478233844042e-05,0.0030137895606458186,0.0050229826010763645,,0.022215697914361954,0,gnn_only,0.011035935953259468,0.0,nan,0.0,nan,500,0.25245416164398193,micro_overfit,nan,0.0,3.180478233844042e-05,,,,,,,,,,
benchmark-protocol-v2-smoke,3e93d9541e1516c24a7d89448de0f33daf2b8421,2.993043017340824e-05,0.0030899394303560254,0.005149899050593376,,0.0230503361672163,0,gnn_only,0.012779442593455315,0.0,nan,0.0,nan,600,0.25245416164398193,micro_overfit,nan,0.0,2.993043017340824e-05,,,,,,,,,,
benchmark-protocol-v2-smoke,3e93d9541e1516c24a7d89448de0f33daf2b8421,1.197044548462145e-05,0.0020658301189541814,0.0034430501982569695,,0.006459807977080345,0,gnn_only,0.00647863931953907,0.0,nan,0.0,nan,700,0.25245416164398193,micro_overfit,nan,0.0,1.197044548462145e-05,,,,,,,,,,
benchmark-protocol-v2-smoke,3e93d9541e1516c24a7d89448de0f33daf2b8421,0.001271108165383339,0.016911020502448082,0.028185034170746803,,0.23883390426635742,0,gnn_only,0.08415140956640244,0.0,nan,0.0,nan,800,0.25245416164398193,micro_overfit,nan,0.0,0.001271108165383339,,,,,,,,,,
benchmark-protocol-v2-smoke,3e93d9541e1516c24a7d89448de0f33daf2b8421,7.54469465391594e-06,0.0016431855037808418,0.002738642506301403,,0.0009216511389240623,0,gnn_only,0.006455614231526852,0.0,nan,0.0,nan,900,0.25245416164398193,micro_overfit,nan,0.0,7.54469465391594e-06,,,,,,,,,,
benchmark-protocol-v2-smoke,3e93d9541e1516c24a7d89448de0f33daf2b8421,6.3731122281751595e-06,0.0015533982776105403,0.0025889971293509007,,0.005776383448392153,0,gnn_only,0.006101030856370926,0.0,nan,0.0,nan,1000,0.25245416164398193,micro_overfit,nan,0.0,6.3731122281751595e-06,,,,,,,,,,
benchmark-protocol-v2-smoke,3e93d9541e1516c24a7d89448de0f33daf2b8421,5.24174356542062e-06,0.0013731068931519986,0.002288511488586664,,0.004604884888976812,0,gnn_only,0.005511166527867317,0.0,nan,0.0,nan,1100,0.25245416164398193,micro_overfit,nan,0.0,5.24174356542062e-06,,,,,,,,,,
benchmark-protocol-v2-smoke,3e93d9541e1516c24a7d89448de0f33daf2b8421,1.4966461094445549e-05,0.0023185618221759794,0.0038642697036266327,,0.020640600472688675,0,gnn_only,0.01094966009259224,0.0,nan,0.0,nan,1200,0.25245416164398193,micro_overfit,nan,0.0,1.4966461094445549e-05,,,,,,,,,,
benchmark-protocol-v2-smoke,3e93d9541e1516c24a7d89448de0f33daf2b8421,8.634748155600391e-06,0.0013352046255022288,0.0022253410425037146,,0.012445643544197083,0,gnn_only,0.00822572223842144,0.0,nan,0.0,nan,1300,0.25245416164398193,micro_overfit,nan,0.0,8.634748155600391e-06,,,,,,,,,,
benchmark-protocol-v2-smoke,3e93d9541e1516c24a7d89448de0f33daf2b8421,9.418908121006098e-06,0.0024033606983721255,0.004005601163953543,,0.01255724672228098,0,gnn_only,0.012491786852478981,0.0,nan,0.0,nan,1400,0.25245416164398193,micro_overfit,nan,0.0,9.418908121006098e-06,,,,,,,,,,
benchmark-protocol-v2-smoke,3e93d9541e1516c24a7d89448de0f33daf2b8421,3.1228878469846677e-06,0.0013885336462408303,0.0023142227437347174,,0.0031129601411521435,0,gnn_only,0.007043843623250723,0.0,nan,0.0,nan,1499,0.25245416164398193,micro_overfit,nan,0.0,3.1228878469846677e-06,,,,,,,,,,
benchmark-protocol-v2-smoke,3e93d9541e1516c24a7d89448de0f33daf2b8421,0.10216962546110153,0.1442484676837921,0.2404141128063202,,1.0267614126205444,0,rvt_swarm,0.5564293265342712,0.7225680947303772,0.6822916865348816,0.8110604286193848,0.7392680644989014,0,0.25245416164398193,micro_overfit,0.0,1.48019540309906,0.47745242714881897,,,,,,,,,,
benchmark-protocol-v2-smoke,3e93d9541e1516c24a7d89448de0f33daf2b8421,0.0032961240503937006,0.02473897263407707,0.04123162105679512,,3.9088075160980225,0,rvt_swarm,0.0821216031908989,0.441410630941391,0.8645833134651184,0.14916126430034637,0.2797379791736603,100,0.25245416164398193,micro_overfit,1.0,5.2350245823618025e-05,0.04804403334856033,,,,,,,,,,
benchmark-protocol-v2-smoke,3e93d9541e1516c24a7d89448de0f33daf2b8421,0.0006609527627006173,0.01002930924296379,0.01671551540493965,,5.710229873657227,0,rvt_swarm,0.04476258158683777,0.4416615962982178,0.7760416865348816,0.1245456337928772,0.2834000587463379,200,0.25245416164398193,micro_overfit,1.0,1.1622875035754987e-06,0.042007461190223694,,,,,,,,,,
benchmark-protocol-v2-smoke,3e93d9541e1516c24a7d89448de0f33daf2b8421,0.000323218060657382,0.006663073226809501,0.011105122044682503,,8.078424453735352,0,rvt_swarm,0.03468546271324158,0.583668053150177,0.953125,0.06432098895311356,0.3195011615753174,300,0.25245416164398193,micro_overfit,1.0,2.030282075793366e-07,0.04195232689380646,,,,,,,,,,
benchmark-protocol-v2-smoke,3e93d9541e1516c24a7d89448de0f33daf2b8421,0.00022503295622300357,0.00689252782613039,0.011487546376883984,,6.929475784301758,0,rvt_swarm,0.026143815368413925,0.44137322902679443,0.8958333134651184,0.10100611299276352,0.23584435880184174,400,0.25245416164398193,micro_overfit,1.0,1.0058281674218961e-07,0.03881995752453804,,,,,,,,,,
benchmark-protocol-v2-smoke,3e93d9541e1516c24a7d89448de0f33daf2b8421,0.0007708084303885698,0.0082503167912364,0.013750527985394001,,2.0284554958343506,0,rvt_swarm,0.04851293936371803,0.46956944465637207,0.8541666865348816,0.0766790509223938,0.24788306653499603,500,0.25245416164398193,micro_overfit,1.0,8.3819010399111e-08,0.03661239892244339,,,,,,,,,,
benchmark-protocol-v2-smoke,3e93d9541e1516c24a7d89448de0f33daf2b8421,0.00010953163291560486,0.0044944586232304575,0.007490764372050762,,7.342996120452881,0,rvt_swarm,0.018793918192386627,0.4385260343551636,0.8697916865348816,0.09891215711832047,0.2315860390663147,600,0.25245416164398193,micro_overfit,1.0,5.0291408371094803e-08,0.038044918328523636,,,,,,,,,,
benchmark-protocol-v2-smoke,3e93d9541e1516c24a7d89448de0f33daf2b8421,6.861221481813118e-05,0.0030293653719127176,0.005048942286521196,,3.702033281326294,0,rvt_swarm,0.01221723947674036,0.46495184302330017,0.9375,0.07256251573562622,0.22478580474853516,700,0.25245416164398193,micro_overfit,1.0,2.7939671909393837e-08,0.03619380295276642,,,,,,,,,,
benchmark-protocol-v2-smoke,3e93d9541e1516c24a7d89448de0f33daf2b8421,0.00029916694620624185,0.005524849332869053,0.009208082221448421,,12.498900413513184,0,rvt_swarm,0.057815611362457275,0.5770226120948792,0.9739583134651184,0.06508272141218185,0.3841555416584015,800,0.25245416164398193,micro_overfit,1.0,2.0489094865183688e-08,0.040922798216342926,,,,,,,,,,
benchmark-protocol-v2-smoke,3e93d9541e1516c24a7d89448de0f33daf2b8421,4.8642901674611494e-05,0.002542179264128208,0.00423696544021368,,12.464493751525879,0,rvt_swarm,0.014052744954824448,0.4212057292461395,0.7604166865348816,0.11871469765901566,0.25285911560058594,900,0.25245416164398193,micro_overfit,1.0,1.862644971595273e-08,0.0393848791718483,,,,,,,,,,
benchmark-protocol-v2-smoke,3e93d9541e1516c24a7d89448de0f33daf2b8421,0.00010353387187933549,0.0035126368515193463,0.005854394752532244,,14.568756103515625,0,rvt_swarm,0.023091498762369156,0.4100303649902344,0.7760416865348816,0.13339538872241974,0.250621497631073,1000,0.25245416164398193,micro_overfit,1.0,1.6763804566721774e-08,0.04047086462378502,,,,,,,,,,
benchmark-protocol-v2-smoke,3e93d9541e1516c24a7d89448de0f33daf2b8421,4.473266380955465e-05,0.003155514970421791,0.005259191617369652,,5.183322906494141,0,rvt_swarm,0.013073709793388844,0.5107445120811462,0.9479166865348816,0.05109472572803497,0.20225432515144348,1100,0.25245416164398193,micro_overfit,1.0,1.303851515643828e-08,0.03586144372820854,,,,,,,,,,
benchmark-protocol-v2-smoke,3e93d9541e1516c24a7d89448de0f33daf2b8421,0.00013370368105825037,0.0037111666984856128,0.006185277830809355,,6.984710693359375,0,rvt_swarm,0.036354828625917435,0.525203287601471,0.9791666865348816,0.0472479872405529,0.3246893584728241,1200,0.25245416164398193,micro_overfit,1.0,9.313224857976365e-09,0.03637858107686043,,,,,,,,,,
benchmark-protocol-v2-smoke,3e93d9541e1516c24a7d89448de0f33daf2b8421,2.5087232643272728e-05,0.0018562765326350927,0.003093794221058488,,1.5856590270996094,0,rvt_swarm,0.008809986524283886,0.4753807485103607,0.96875,0.05989086627960205,0.2287190705537796,1300,0.25245416164398193,micro_overfit,1.0,7.450580152834618e-09,0.035104382783174515,,,,,,,,,,
benchmark-protocol-v2-smoke,3e93d9541e1516c24a7d89448de0f33daf2b8421,2.9747166991000995e-05,0.002060068678110838,0.0034334477968513966,,4.376583576202393,0,rvt_swarm,0.013955404981970787,0.5070840716362,0.9791666865348816,0.04806395247578621,0.28900477290153503,1400,0.25245416164398193,micro_overfit,1.0,7.450580152834618e-09,0.03542759642004967,,,,,,,,,,
benchmark-protocol-v2-smoke,3e93d9541e1516c24a7d89448de0f33daf2b8421,6.427870539482683e-05,0.004814223200082779,0.008023705333471298,,9.726892471313477,0,rvt_swarm,0.021007834002375603,0.4380459487438202,0.859375,0.08947744220495224,0.2200469821691513,1499,0.25245416164398193,micro_overfit,1.0,3.725290076417309e-09,0.036743439733982086,,,,,,,,,,
benchmark-protocol-v2-smoke,3e93d9541e1516c24a7d89448de0f33daf2b8421,,0.11669669598340986,0.19449449330568314,1,,,gnn_only,,,nan,,nan,,0.47735760509967806,small_data,nan,,,0.07510132131477197,0.125,0.75,0.0,0.5,0.6757934695109724,0.0,0.03790719732642174,0.0,0.30625
benchmark-protocol-v2-smoke,3e93d9541e1516c24a7d89448de0f33daf2b8421,,0.09195877164602279,0.153264619410038,2,,,gnn_only,,,nan,,nan,,0.47735760509967806,small_data,nan,,,0.028321949175248544,,,,,,,0.02364308051764965,,
benchmark-protocol-v2-smoke,3e93d9541e1516c24a7d89448de0f33daf2b8421,,0.07496941611170768,0.12494902685284615,3,,,gnn_only,,,nan,,nan,,0.47735760509967806,small_data,nan,,,0.01943560756949915,,,,,,,0.01578002292662859,,
benchmark-protocol-v2-smoke,3e93d9541e1516c24a7d89448de0f33daf2b8421,,0.06853974133729936,0.11423290222883224,4,,,gnn_only,,,nan,,nan,,0.47735760509967806,small_data,nan,,,0.01490983422845602,,,,,,,0.013202592357993126,,
benchmark-protocol-v2-smoke,3e93d9541e1516c24a7d89448de0f33daf2b8421,,0.061785952448844904,0.10297658741474151,5,,,gnn_only,,,nan,,nan,,0.47735760509967806,small_data,nan,,,0.012013497053542072,0.125,0.75,0.125,0.625,0.5720923769365629,0.5,0.010760985082015395,0.375,0.6210329617225243
benchmark-protocol-v2-smoke,3e93d9541e1516c24a7d89448de0f33daf2b8421,,0.0580667468905449,0.09677791148424149,6,,,gnn_only,,,nan,,nan,,0.47735760509967806,small_data,nan,,,0.010416549045799507,,,,,,,0.009494410129263997,,
benchmark-protocol-v2-smoke,3e93d9541e1516c24a7d89448de0f33daf2b8421,,0.0521134315431118,0.08685571923851967,7,,,gnn_only,,,nan,,nan,,0.47735760509967806,small_data,nan,,,0.008681372630720337,,,,,,,0.007658381992951035,,
benchmark-protocol-v2-smoke,3e93d9541e1516c24a7d89448de0f33daf2b8421,,0.050540897995233536,0.08423482999205589,8,,,gnn_only,,,nan,,nan,,0.47735760509967806,small_data,nan,,,0.007402685056957934,,,,,,,0.007183872256428003,,
benchmark-protocol-v2-smoke,3e93d9541e1516c24a7d89448de0f33daf2b8421,,0.047337665855884545,0.07889610975980758,9,,,gnn_only,,,nan,,nan,,0.47735760509967806,small_data,nan,,,0.006238606654935413,,,,,,,0.006284111738204956,,
benchmark-protocol-v2-smoke,3e93d9541e1516c24a7d89448de0f33daf2b8421,,0.04307045079767704,0.07178408466279507,10,,,gnn_only,,,nan,,nan,,0.47735760509967806,small_data,nan,,,0.005548976868804958,0.25,0.875,0.25,0.25,0.5964817407417281,0.25,0.005199843319132924,0.125,0.6188095862853145
benchmark-protocol-v2-smoke,3e93d9541e1516c24a7d89448de0f33daf2b8421,,0.04207683764398097,0.0701280627399683,11,,,gnn_only,,,nan,,nan,,0.47735760509967806,small_data,nan,,,0.0048726034997445015,,,,,,,0.00495034281630069,,
benchmark-protocol-v2-smoke,3e93d9541e1516c24a7d89448de0f33daf2b8421,,0.04092783361673355,0.06821305602788925,12,,,gnn_only,,,nan,,nan,,0.47735760509967806,small_data,nan,,,0.0044763129385602144,,,,,,,0.0046901875641196964,,
benchmark-protocol-v2-smoke,3e93d9541e1516c24a7d89448de0f33daf2b8421,,0.039601952880620954,0.06600325480103493,13,,,gnn_only,,,nan,,nan,,0.47735760509967806,small_data,nan,,,0.003729487906417085,,,,,,,0.004402023507282138,,
benchmark-protocol-v2-smoke,3e93d9541e1516c24a7d89448de0f33daf2b8421,,0.03692072466015815,0.061534541100263594,14,,,gnn_only,,,nan,,nan,,0.47735760509967806,small_data,nan,,,0.003700112497123579,,,,,,,0.003832199121825397,,
benchmark-protocol-v2-smoke,3e93d9541e1516c24a7d89448de0f33daf2b8421,,0.035329888835549356,0.05888314805924892,15,,,gnn_only,,,nan,,nan,,0.47735760509967806,small_data,nan,,,0.002889406364152415,0.125,0.625,0.0,0.25,0.5988450759678197,0.5,0.003491301112808287,0.125,0.557918894288553
benchmark-protocol-v2-smoke,3e93d9541e1516c24a7d89448de0f33daf2b8421,,0.03825795091688633,0.06376325152814388,16,,,gnn_only,,,nan,,nan,,0.47735760509967806,small_data,nan,,,0.0029390643997531797,,,,,,,0.00409244978800416,,
benchmark-protocol-v2-smoke,3e93d9541e1516c24a7d89448de0f33daf2b8421,,0.03384086810052395,0.05640144683420658,17,,,gnn_only,,,nan,,nan,,0.47735760509967806,small_data,nan,,,0.00270397973816014,,,,,,,0.003218565252609551,,
benchmark-protocol-v2-smoke,3e93d9541e1516c24a7d89448de0f33daf2b8421,,0.03348879732191563,0.055814662203192714,18,,,gnn_only,,,nan,,nan,,0.47735760509967806,small_data,nan,,,0.002392412033966846,,,,,,,0.003156924876384437,,
benchmark-protocol-v2-smoke,3e93d9541e1516c24a7d89448de0f33daf2b8421,,0.030429586842656137,0.050715978071093556,19,,,gnn_only,,,nan,,nan,,0.47735760509967806,small_data,nan,,,0.0022378012395670843,,,,,,,0.0026026412495411934,,
benchmark-protocol-v2-smoke,3e93d9541e1516c24a7d89448de0f33daf2b8421,,0.03034730538725853,0.05057884231209755,20,,,gnn_only,,,nan,,nan,,0.47735760509967806,small_data,nan,,,0.0020824468474731675,0.0,0.75,0.0,0.375,0.5780715597528367,0.5,0.0025957394973374903,0.125,0.6370656999419135
benchmark-protocol-v2-smoke,3e93d9541e1516c24a7d89448de0f33daf2b8421,,0.03188532046973705,0.05314220078289509,21,,,gnn_only,,,nan,,nan,,0.47735760509967806,small_data,nan,,,0.0019938678726450438,,,,,,,0.002869681571610272,,
benchmark-protocol-v2-smoke,3e93d9541e1516c24a7d89448de0f33daf2b8421,,0.03188611596822739,0.053143526613712314,22,,,gnn_only,,,nan,,nan,,0.47735760509967806,small_data,nan,,,0.0018848232679172523,,,,,,,0.0028523491695523263,,
benchmark-protocol-v2-smoke,3e93d9541e1516c24a7d89448de0f33daf2b8421,,0.028007265105843542,0.04667877517640591,23,,,gnn_only,,,nan,,nan,,0.47735760509967806,small_data,nan,,,0.0017757896579698555,,,,,,,0.002205941255670041,,
benchmark-protocol-v2-smoke,3e93d9541e1516c24a7d89448de0f33daf2b8421,,0.02746642827987671,0.04577738046646118,24,,,gnn_only,,,nan,,nan,,0.47735760509967806,small_data,nan,,,0.0016038843055462672,,,,,,,0.0021285202703438698,,
benchmark-protocol-v2-smoke,3e93d9541e1516c24a7d89448de0f33daf2b8421,,0.02867882430553436,0.04779804050922394,25,,,gnn_only,,,nan,,nan,,0.47735760509967806,small_data,nan,,,0.0014897543186735776,0.25,0.75,0.125,0.625,0.5758155093722062,0.375,0.002312633255496621,0.375,0.6734823102858046
benchmark-protocol-v2-smoke,3e93d9541e1516c24a7d89448de0f33daf2b8421,,0.027453698962926865,0.04575616493821144,26,,,gnn_only,,,nan,,nan,,0.47735760509967806,small_data,nan,,,0.0016512453116269575,,,,,,,0.0021159030264243485,,
benchmark-protocol-v2-smoke,3e93d9541e1516c24a7d89448de0f33daf2b8421,,0.025913369357585907,0.04318894892930984,27,,,gnn_only,,,nan,,nan,,0.47735760509967806,small_data,nan,,,0.0014764561330796117,,,,,,,0.00189931548666209,,
benchmark-protocol-v2-smoke,3e93d9541e1516c24a7d89448de0f33daf2b8421,,0.0272207710146904,0.04536795169115067,28,,,gnn_only,,,nan,,nan,,0.47735760509967806,small_data,nan,,,0.0013944710617781514,,,,,,,0.002084740356076509,,
benchmark-protocol-v2-smoke,3e93d9541e1516c24a7d89448de0f33daf2b8421,,0.027519184872508047,0.04586530812084675,29,,,gnn_only,,,nan,,nan,,0.47735760509967806,small_data,nan,,,0.0014237555377702746,,,,,,,0.0021329619223251937,,
benchmark-protocol-v2-smoke,3e93d9541e1516c24a7d89448de0f33daf2b8421,,0.027212877497076994,0.04535479582846165,30,,,gnn_only,,,nan,,nan,,0.47735760509967806,small_data,nan,,,0.001534475678474539,0.25,0.875,0.125,0.375,0.6160277572335294,0.375,0.0020847903680987654,0.25,0.5550185800126503
benchmark-protocol-v2-smoke,3e93d9541e1516c24a7d89448de0f33daf2b8421,,0.026806441918015476,0.044677403196692465,31,,,gnn_only,,,nan,,nan,,0.47735760509967806,small_data,nan,,,0.0012079480925523158,,,,,,,0.0020215687691234052,,
benchmark-protocol-v2-smoke,3e93d9541e1516c24a7d89448de0f33daf2b8421,,0.026080593019723892,0.043467655032873156,32,,,gnn_only,,,nan,,nan,,0.47735760509967806,small_data,nan,,,0.0011441777052823455,,,,,,,0.0019179085385985673,,
benchmark-protocol-v2-smoke,3e93d9541e1516c24a7d89448de0f33daf2b8421,,0.024271859005093575,0.040453098341822626,33,,,gnn_only,,,nan,,nan,,0.47735760509967806,small_data,nan,,,0.0010693117704552908,,,,,,,0.0016603989177383482,,
benchmark-protocol-v2-smoke,3e93d9541e1516c24a7d89448de0f33daf2b8421,,0.02795091077685356,0.04658485129475594,34,,,gnn_only,,,nan,,nan,,0.47735760509967806,small_data,nan,,,0.0011366109907006224,,,,,,,0.002187263825908303,,
benchmark-protocol-v2-smoke,3e93d9541e1516c24a7d89448de0f33daf2b8421,,0.02342254936695099,0.039037582278251645,35,,,gnn_only,,,nan,,nan,,0.47735760509967806,small_data,nan,,,0.001120939417483492,0.0,0.75,0.0,0.375,0.5775360999293231,0.5,0.0015436560031957924,0.25,0.6166623952662265
benchmark-protocol-v2-smoke,3e93d9541e1516c24a7d89448de0f33daf2b8421,,0.025322269946336746,0.04220378324389458,36,,,gnn_only,,,nan,,nan,,0.47735760509967806,small_data,nan,,,0.0010971050483122881,,,,,,,0.0018077424843795597,,
benchmark-protocol-v2-smoke,3e93d9541e1516c24a7d89448de0f33daf2b8421,,0.024070092737674714,0.04011682122945785,37,,,gnn_only,,,nan,,nan,,0.47735760509967806,small_data,nan,,,0.0010037096521248005,,,,,,,0.0016346740652807058,,
benchmark-protocol-v2-smoke,3e93d9541e1516c24a7d89448de0f33daf2b8421,,0.024203368574380872,0.04033894762396813,38,,,gnn_only,,,nan,,nan,,0.47735760509967806,small_data,nan,,,0.0009620092356474035,,,,,,,0.0016510030603967608,,
benchmark-protocol-v2-smoke,3e93d9541e1516c24a7d89448de0f33daf2b8421,,0.022974764406681062,0.0382912740111351,39,,,gnn_only,,,nan,,nan,,0.47735760509967806,small_data,nan,,,0.0009109078414945139,,,,,,,0.0014871170977130532,,
benchmark-protocol-v2-smoke,3e93d9541e1516c24a7d89448de0f33daf2b8421,,0.022995200380682944,0.03832533396780491,40,,,gnn_only,,,nan,,nan,,0.47735760509967806,small_data,nan,,,0.0008837261722267916,0.25,0.75,0.25,0.625,0.6006453636231526,0.375,0.0014927871292456985,0.375,0.620903649921507
benchmark-protocol-v2-smoke,3e93d9541e1516c24a7d89448de0f33daf2b8421,,0.022285565882921222,0.0371426098048687,41,,,gnn_only,,,nan,,nan,,0.47735760509967806,small_data,nan,,,0.0008438076604054206,,,,,,,0.0014017938636243343,,
benchmark-protocol-v2-smoke,3e93d9541e1516c24a7d89448de0f33daf2b8421,,0.023802925050258633,0.03967154175043106,42,,,gnn_only,,,nan,,nan,,0.47735760509967806,small_data,nan,,,0.0009574277087166491,,,,,,,0.0015913433046080172,,
benchmark-protocol-v2-smoke,3e93d9541e1516c24a7d89448de0f33daf2b8421,,0.02171377457678318,0.036189624294638637,43,,,gnn_only,,,nan,,nan,,0.47735760509967806,small_data,nan,,,0.0008451835549850431,,,,,,,0.001332698471378535,,
benchmark-protocol-v2-smoke,3e93d9541e1516c24a7d89448de0f33daf2b8421,,0.024128397479653358,0.04021399579942227,44,,,gnn_only,,,nan,,nan,,0.47735760509967806,small_data,nan,,,0.0007731604409248878,,,,,,,0.001629634969867766,,
benchmark-protocol-v2-smoke,3e93d9541e1516c24a7d89448de0f33daf2b8421,,0.022112544625997543,0.03685424104332924,45,,,gnn_only,,,nan,,nan,,0.47735760509967806,small_data,nan,,,0.0009778514355679767,0.0,0.875,0.0,0.5,0.5799904325354744,0.375,0.001376312191132456,0.25,0.6562256120221118
benchmark-protocol-v2-smoke,3e93d9541e1516c24a7d89448de0f33daf2b8421,,0.022687009871006015,0.037811683118343355,46,,,gnn_only,,,nan,,nan,,0.47735760509967806,small_data,nan,,,0.0008622845848246167,,,,,,,0.0014527411898598076,,
benchmark-protocol-v2-smoke,3e93d9541e1516c24a7d89448de0f33daf2b8421,,0.022802504450082774,0.0380041740834713,47,,,gnn_only,,,nan,,nan,,0.47735760509967806,small_data,nan,,,0.0009495041611242212,,,,,,,0.00146266472293064,,
benchmark-protocol-v2-smoke,3e93d9541e1516c24a7d89448de0f33daf2b8421,,0.02270237758755684,0.0378372959792614,48,,,gnn_only,,,nan,,nan,,0.47735760509967806,small_data,nan,,,0.0007803151060620116,,,,,,,0.0014457906247116626,,
benchmark-protocol-v2-smoke,3e93d9541e1516c24a7d89448de0f33daf2b8421,,0.021679335460066795,0.03613222576677799,49,,,gnn_only,,,nan,,nan,,0.47735760509967806,small_data,nan,,,0.0007500377289640407,,,,,,,0.0013202622998505832,,
benchmark-protocol-v2-smoke,3e93d9541e1516c24a7d89448de0f33daf2b8421,,0.022470583319664002,0.037450972199440005,50,,,gnn_only,,,nan,,nan,,0.47735760509967806,small_data,nan,,,0.0007996082153921533,0.125,0.875,0.125,0.625,0.5756376636832903,0.375,0.0014149038004688918,0.375,0.6605860285547784
benchmark-protocol-v2-smoke,3e93d9541e1516c24a7d89448de0f33daf2b8421,,0.021597135029733185,0.0359952250495553,51,,,gnn_only,,,nan,,nan,,0.47735760509967806,small_data,nan,,,0.00085342251501667,,,,,,,0.0013207306328695267,,
benchmark-protocol-v2-smoke,3e93d9541e1516c24a7d89448de0f33daf2b8421,,0.021846601366996763,0.03641100227832794,52,,,gnn_only,,,nan,,nan,,0.47735760509967806,small_data,nan,,,0.0007936723886005994,,,,,,,0.001339568803086877,,
benchmark-protocol-v2-smoke,3e93d9541e1516c24a7d89448de0f33daf2b8421,,0.020353925339877604,0.03392320889979601,53,,,gnn_only,,,nan,,nan,,0.47735760509967806,small_data,nan,,,0.0006599868832078452,,,,,,,0.0011689167993608862,,
benchmark-protocol-v2-smoke,3e93d9541e1516c24a7d89448de0f33daf2b8421,,0.02036830388009548,0.03394717313349247,54,,,gnn_only,,,nan,,nan,,0.47735760509967806,small_data,nan,,,0.0006643939294412525,,,,,,,0.0011740572517737746,,
benchmark-protocol-v2-smoke,3e93d9541e1516c24a7d89448de0f33daf2b8421,,0.02066444881260395,0.034440748021006586,55,,,gnn_only,,,nan,,nan,,0.47735760509967806,small_data,nan,,,0.0006157344811880547,0.25,0.75,0.125,0.5,0.5906800099578005,0.375,0.0012010066770017148,0.375,0.6317575267142099
benchmark-protocol-v2-smoke,3e93d9541e1516c24a7d89448de0f33daf2b8421,,0.019383086040616036,0.03230514340102673,56,,,gnn_only,,,nan,,nan,,0.47735760509967806,small_data,nan,,,0.0006844723597168922,,,,,,,0.0010606140596792102,,
benchmark-protocol-v2-smoke,3e93d9541e1516c24a7d89448de0f33daf2b8421,,0.021484557911753653,0.035807596519589424,57,,,gnn_only,,,nan,,nan,,0.47735760509967806,small_data,nan,,,0.0005730664768230377,,,,,,,0.001299231848679483,,
benchmark-protocol-v2-smoke,3e93d9541e1516c24a7d89448de0f33daf2b8421,,0.020163130424916745,0.03360521737486124,58,,,gnn_only,,,nan,,nan,,0.47735760509967806,small_data,nan,,,0.0006231525405180744,,,,,,,0.0011423064453992993,,
benchmark-protocol-v2-smoke,3e93d9541e1516c24a7d89448de0f33daf2b8421,,0.019387034028768537,0.032311723381280896,59,,,gnn_only,,,nan,,nan,,0.47735760509967806,small_data,nan,,,0.0006149109084314356,,,,,,,0.001060630416031927,,
benchmark-protocol-v2-smoke,3e93d9541e1516c24a7d89448de0f33daf2b8421,,0.01883661802858114,0.03139436338096857,60,,,gnn_only,,,nan,,nan,,0.47735760509967806,small_data,nan,,,0.0005331778012785233,0.125,0.875,0.125,0.5,0.576110847128684,0.375,0.0010032511025201529,0.375,0.6469811320754717
benchmark-protocol-v2-smoke,3e93d9541e1516c24a7d89448de0f33daf2b8421,,0.12809714555740356,0.2134952425956726,1,,,rvt_swarm,,,0.7437499940395356,,0.5147640198469162,,0.47735760509967806,small_data,0.471875,,,0.7804005752007167,0.125,0.75,0.0,0.125,0.7147263523501655,0.0,0.33131601214408873,0.0,0.20625000000000002
benchmark-protocol-v2-smoke,3e93d9541e1516c24a7d89448de0f33daf2b8421,,0.09409710645675659,0.15682851076126098,2,,,rvt_swarm,,,0.8739583313465118,,0.4998999506235123,,0.47735760509967806,small_data,0.86875,,,0.2726278516981337,,,,,,,0.2042423665523529,,
benchmark-protocol-v2-smoke,3e93d9541e1516c24a7d89448de0f33daf2b8421,,0.08147763267159461,0.1357960544526577,3,,,rvt_swarm,,,0.9010416567325592,,0.4480908662080765,,0.47735760509967806,small_data,0.85625,,,0.24690797072317866,,,,,,,0.24574858248233794,,
benchmark-protocol-v2-smoke,3e93d9541e1516c24a7d89448de0f33daf2b8421,,0.07466595992445947,0.12444326654076576,4,,,rvt_swarm,,,0.8822916686534882,,0.4764473706483841,,0.47735760509967806,small_data,0.85625,,,0.19548305181993378,,,,,,,0.18529219180345535,,
benchmark-protocol-v2-smoke,3e93d9541e1516c24a7d89448de0f33daf2b8421,,0.06982841715216637,0.11638069525361061,5,,,rvt_swarm,,,0.8927083373069763,,0.43261457085609434,,0.47735760509967806,small_data,0.853125,,,0.1823013929857148,0.625,0.625,0.5,0.125,0.6224591081258932,0.25,0.18083400577306746,0.125,0.5313961161387633
benchmark-protocol-v2-smoke,3e93d9541e1516c24a7d89448de0f33daf2b8421,,0.06667770579457283,0.11112950965762139,6,,,rvt_swarm,,,0.9218749940395355,,0.4333231657743454,,0.47735760509967806,small_data,0.875,,,0.1660833790898323,,,,,,,0.16544463858008385,,
benchmark-protocol-v2-smoke,3e93d9541e1516c24a7d89448de0f33daf2b8421,,0.061393640935420976,0.10232273489236832,7,,,rvt_swarm,,,0.9000000059604645,,0.42816575467586515,,0.47735760509967806,small_data,0.840625,,,0.15628823273711734,,,,,,,0.15075908452272416,,
benchmark-protocol-v2-smoke,3e93d9541e1516c24a7d89448de0f33daf2b8421,,0.05951640352606773,0.09919400587677955,8,,,rvt_swarm,,,0.9291666626930237,,0.4314123421907425,,0.47735760509967806,small_data,0.84375,,,0.15020120615760485,,,,,,,0.1469392456114292,,
benchmark-protocol-v2-smoke,3e93d9541e1516c24a7d89448de0f33daf2b8421,,0.05624992579221725,0.0937498763203621,9,,,rvt_swarm,,,0.896875,,0.44573785066604615,,0.47735760509967806,small_data,0.865625,,,0.14119718422492344,,,,,,,0.1365490399301052,,
benchmark-protocol-v2-smoke,3e93d9541e1516c24a7d89448de0f33daf2b8421,,0.054249236136674886,0.0904153935611248,10,,,rvt_swarm,,,0.8552083313465119,,0.436877378821373,,0.47735760509967806,small_data,0.859375,,,0.1349624175992277,0.125,0.75,0.0,0.5,0.5913219605628445,0.5,0.1345605194568634,0.375,0.5843764775413712
benchmark-protocol-v2-smoke,3e93d9541e1516c24a7d89448de0f33daf2b8421,,0.05172315046191216,0.0862052507698536,11,,,rvt_swarm,,,0.9270833313465119,,0.4167871594429016,,0.47735760509967806,small_data,0.865625,,,0.1273721545934677,,,,,,,0.12505369186401366,,
benchmark-protocol-v2-smoke,3e93d9541e1516c24a7d89448de0f33daf2b8421,,0.0485928413271904,0.08098806887865066,12,,,rvt_swarm,,,0.8864583373069763,,0.3919398009777069,,0.47735760509967806,small_data,0.871875,,,0.12407965784271559,,,,,,,0.13096962496638298,,
benchmark-protocol-v2-smoke,3e93d9541e1516c24a7d89448de0f33daf2b8421,,0.045923153981566434,0.07653858996927738,13,,,rvt_swarm,,,0.9302083313465118,,0.39871478974819186,,0.47735760509967806,small_data,0.86875,,,0.11747557678156428,,,,,,,0.11480026096105575,,
benchmark-protocol-v2-smoke,3e93d9541e1516c24a7d89448de0f33daf2b8421,,0.043013015314936634,0.07168835885822773,14,,,rvt_swarm,,,0.8979166686534882,,0.38982962667942045,,0.47735760509967806,small_data,0.878125,,,0.11570043083694247,,,,,,,0.13111890032887458,,
benchmark-protocol-v2-smoke,3e93d9541e1516c24a7d89448de0f33daf2b8421,,0.042005424723029136,0.07000904120504856,15,,,rvt_swarm,,,0.9260416567325592,,0.4070013642311096,,0.47735760509967806,small_data,0.853125,,,0.11334753574596511,0.375,0.625,0.0,0.375,0.5804671464457798,0.5,0.10575254485011101,0.375,0.6005248294970161
benchmark-protocol-v2-smoke,3e93d9541e1516c24a7d89448de0f33daf2b8421,,0.04088577322661876,0.06814295537769795,16,,,rvt_swarm,,,0.9260416686534881,,0.40159436464309695,,0.47735760509967806,small_data,0.86875,,,0.10900669776731067,,,,,,,0.10103488340973854,,
benchmark-protocol-v2-smoke,3e93d9541e1516c24a7d89448de0f33daf2b8421,,0.042376631945371626,0.07062771990895271,17,,,rvt_swarm,,,0.9260416626930237,,0.4437699854373932,,0.47735760509967806,small_data,0.875,,,0.10694855695797337,,,,,,,0.1033058449625969,,
benchmark-protocol-v2-smoke,3e93d9541e1516c24a7d89448de0f33daf2b8421,,0.042285899743437765,0.07047649957239628,18,,,rvt_swarm,,,0.88125,,0.38987669348716736,,0.47735760509967806,small_data,0.85625,,,0.10620804660850101,,,,,,,0.10343830958008766,,
benchmark-protocol-v2-smoke,3e93d9541e1516c24a7d89448de0f33daf2b8421,,0.038879920095205314,0.06479986682534218,19,,,rvt_swarm,,,0.8854166746139527,,0.40173414945602415,,0.47735760509967806,small_data,0.86875,,,0.10329027217295435,,,,,,,0.11139077544212342,,
benchmark-protocol-v2-smoke,3e93d9541e1516c24a7d89448de0f33daf2b8421,,0.04023595802485942,0.06705993004143238,20,,,rvt_swarm,,,0.9270833253860473,,0.4406620651483536,,0.47735760509967806,small_data,0.86875,,,0.10205068679319487,0.375,0.75,0.25,0.375,0.5524987441559694,0.25,0.10864090844988823,0.25,0.674500128998968
benchmark-protocol-v2-smoke,3e93d9541e1516c24a7d89448de0f33daf2b8421,,0.035803193673491475,0.05967198945581913,21,,,rvt_swarm,,,0.8937500059604645,,0.3675756186246872,,0.47735760509967806,small_data,0.884375,,,0.10171883602937062,,,,,,,0.10618919804692269,,
benchmark-protocol-v2-smoke,3e93d9541e1516c24a7d89448de0f33daf2b8421,,0.0375147058814764,0.06252450980246067,22,,,rvt_swarm,,,0.834375,,0.36483789086341856,,0.47735760509967806,small_data,0.8625,,,0.09897433084746202,,,,,,,0.10652495697140693,,
benchmark-protocol-v2-smoke,3e93d9541e1516c24a7d89448de0f33daf2b8421,,0.03558956243097782,0.05931593738496303,23,,,rvt_swarm,,,0.890625,,0.34568711519241335,,0.47735760509967806,small_data,0.875,,,0.09759560442633099,,,,,,,0.10560047924518585,,
benchmark-protocol-v2-smoke,3e93d9541e1516c24a7d89448de0f33daf2b8421,,0.0341097030043602,0.056849505007267,24,,,rvt_swarm,,,0.7968750059604645,,0.36991788148880006,,0.47735760509967806,small_data,0.85625,,,0.09687523129913542,,,,,,,0.10984981581568717,,
benchmark-protocol-v2-smoke,3e93d9541e1516c24a7d89448de0f33daf2b8421,,0.032779236808419224,0.05463206134736538,25,,,rvt_swarm,,,0.9239583253860474,,0.3477443039417267,,0.47735760509967806,small_data,0.8625,,,0.09596922943989436,0.25,0.625,0.125,0.5,0.5740663049384451,0.375,0.10662001147866249,0.25,0.6138103643644985
benchmark-protocol-v2-smoke,3e93d9541e1516c24a7d89448de0f33daf2b8421,,0.03329392410814762,0.05548987351357937,26,,,rvt_swarm,,,0.9208333313465118,,0.36035473048686983,,0.47735760509967806,small_data,0.86875,,,0.09538337075048023,,,,,,,0.09495895057916641,,
benchmark-protocol-v2-smoke,3e93d9541e1516c24a7d89448de0f33daf2b8421,,0.0323674875497818,0.05394581258296967,27,,,rvt_swarm,,,0.9239583313465118,,0.34939374923706057,,0.47735760509967806,small_data,0.89375,,,0.0928128633234236,,,,,,,0.10129898712038994,,
benchmark-protocol-v2-smoke,3e93d9541e1516c24a7d89448de0f33daf2b8421,,0.03462447077035903,0.05770745128393173,28,,,rvt_swarm,,,0.9208333313465118,,0.36179299354553224,,0.47735760509967806,small_data,0.871875,,,0.09448949752582445,,,,,,,0.09335982874035835,,
benchmark-protocol-v2-smoke,3e93d9541e1516c24a7d89448de0f33daf2b8421,,0.03339588493108749,0.055659808218479156,29,,,rvt_swarm,,,0.878125,,0.36691429913043977,,0.47735760509967806,small_data,0.834375,,,0.09163238844937749,,,,,,,0.08741639629006386,,
benchmark-protocol-v2-smoke,3e93d9541e1516c24a7d89448de0f33daf2b8421,,0.05240703374147415,0.08734505623579025,30,,,rvt_swarm,,,0.89375,,0.4053330898284912,,0.47735760509967806,small_data,0.896875,,,0.09127735495567321,0.25,0.75,0.125,0.5,0.5970478452383511,0.5,0.09629007950425147,0.5,0.49915252050238
benchmark-protocol-v2-smoke,3e93d9541e1516c24a7d89448de0f33daf2b8421,,0.03321614898741245,0.05536024831235409,31,,,rvt_swarm,,,0.9354166567325592,,0.3665463149547577,,0.47735760509967806,small_data,0.846875,,,0.09395234266089068,,,,,,,0.09719971567392349,,
benchmark-protocol-v2-smoke,3e93d9541e1516c24a7d89448de0f33daf2b8421,,0.03167387299239636,0.05278978832066059,32,,,rvt_swarm,,,0.8343750059604644,,0.3656955689191818,,0.47735760509967806,small_data,0.846875,,,0.09086209080285496,,,,,,,0.09600496590137482,,
benchmark-protocol-v2-smoke,3e93d9541e1516c24a7d89448de0f33daf2b8421,,0.02999609224498272,0.0499934870749712,33,,,rvt_swarm,,,0.8510416626930237,,0.37464989721775055,,0.47735760509967806,small_data,0.86875,,,0.09055133937961525,,,,,,,0.0947595365345478,,
benchmark-protocol-v2-smoke,3e93d9541e1516c24a7d89448de0f33daf2b8421,,0.029366311132907868,0.048943851888179776,34,,,rvt_swarm,,,0.9135416686534882,,0.37555840611457825,,0.47735760509967806,small_data,0.85,,,0.0895056481162707,,,,,,,0.0834148183465004,,
benchmark-protocol-v2-smoke,3e93d9541e1516c24a7d89448de0f33daf2b8421,,0.02963804058730602,0.049396734312176706,35,,,rvt_swarm,,,0.9020833253860474,,0.3393692284822464,,0.47735760509967806,small_data,0.875,,,0.09096744416488542,0.25,0.75,0.125,0.5,0.5595487056683379,0.5,0.08826457858085632,0.375,0.6530320261081416
benchmark-protocol-v2-smoke,3e93d9541e1516c24a7d89448de0f33daf2b8421,,0.04474093928933144,0.07456823214888572,36,,,rvt_swarm,,,0.924999988079071,,0.40781019628047943,,0.47735760509967806,small_data,0.815625,,,0.09098617633183798,,,,,,,0.09432996362447739,,
benchmark-protocol-v2-smoke,3e93d9541e1516c24a7d89448de0f33daf2b8421,,0.030865467712283136,0.05144244618713856,37,,,rvt_swarm,,,0.9354166626930237,,0.36543723940849304,,0.47735760509967806,small_data,0.875,,,0.091879259256853,,,,,,,0.0858523614704609,,
benchmark-protocol-v2-smoke,3e93d9541e1516c24a7d89448de0f33daf2b8421,,0.028033067733049394,0.04672177955508232,38,,,rvt_swarm,,,0.9114583373069763,,0.34067557454109193,,0.47735760509967806,small_data,0.878125,,,0.08608029695848624,,,,,,,0.09891492500901222,,
benchmark-protocol-v2-smoke,3e93d9541e1516c24a7d89448de0f33daf2b8421,,0.03000170230865478,0.05000283718109131,39,,,rvt_swarm,,,0.7458333373069763,,0.3948248475790024,,0.47735760509967806,small_data,0.865625,,,0.08556888521545464,,,,,,,0.09133078753948212,,
benchmark-protocol-v2-smoke,3e93d9541e1516c24a7d89448de0f33daf2b8421,,0.027559017464518547,0.045931695774197576,40,,,rvt_swarm,,,0.925,,0.3446627169847488,,0.47735760509967806,small_data,0.875,,,0.08786921819878948,0.125,0.75,0.0,0.375,0.5777804849032206,0.5,0.07851913124322892,0.375,0.5664857904740689
benchmark-protocol-v2-smoke,3e93d9541e1516c24a7d89448de0f33daf2b8421,,0.028224732577800747,0.04704122096300125,41,,,rvt_swarm,,,0.9239583373069763,,0.3388358414173126,,0.47735760509967806,small_data,0.890625,,,0.08601815766758389,,,,,,,0.08782365694642066,,
benchmark-protocol-v2-smoke,3e93d9541e1516c24a7d89448de0f33daf2b8421,,0.03055842563509941,0.05093070939183235,42,,,rvt_swarm,,,0.9364583313465118,,0.40425166189670564,,0.47735760509967806,small_data,0.8375,,,0.08450927212834358,,,,,,,0.08407834619283676,,
benchmark-protocol-v2-smoke,3e93d9541e1516c24a7d89448de0f33daf2b8421,,0.04376485884189606,0.07294143140316009,43,,,rvt_swarm,,,0.8958333313465119,,0.5193801432847976,,0.47735760509967806,small_data,0.884375,,,0.09693466234538291,,,,,,,0.08618350028991699,,
benchmark-protocol-v2-smoke,3e93d9541e1516c24a7d89448de0f33daf2b8421,,0.028522128760814662,0.047536881268024446,44,,,rvt_swarm,,,0.9270833373069763,,0.34370427429676054,,0.47735760509967806,small_data,0.821875,,,0.09418566698829332,,,,,,,0.08050279840826988,,
benchmark-protocol-v2-smoke,3e93d9541e1516c24a7d89448de0f33daf2b8421,,0.026960094273090363,0.044933490455150604,45,,,rvt_swarm,,,0.9250000059604645,,0.3417762517929077,,0.47735760509967806,small_data,0.890625,,,0.08381179405583275,0.375,0.75,0.25,0.625,0.5745018650671935,0.375,0.0871514730155468,0.375,0.6572420634920636
benchmark-protocol-v2-smoke,3e93d9541e1516c24a7d89448de0f33daf2b8421,,0.02835132770240307,0.04725221283733845,46,,,rvt_swarm,,,0.9260416626930237,,0.34081190526485444,,0.47735760509967806,small_data,0.89375,,,0.08427133237322172,,,,,,,0.0819082535803318,,
benchmark-protocol-v2-smoke,3e93d9541e1516c24a7d89448de0f33daf2b8421,,0.026365704238414767,0.04394284039735794,47,,,rvt_swarm,,,0.9354166626930237,,0.34729672968387604,,0.47735760509967806,small_data,0.88125,,,0.08270003460347652,,,,,,,0.08622128441929817,,
benchmark-protocol-v2-smoke,3e93d9541e1516c24a7d89448de0f33daf2b8421,,0.0285582373291254,0.047597062215209006,48,,,rvt_swarm,,,0.9322916686534881,,0.35359151363372804,,0.47735760509967806,small_data,0.884375,,,0.08319089222285482,,,,,,,0.07689501717686653,,
benchmark-protocol-v2-smoke,3e93d9541e1516c24a7d89448de0f33daf2b8421,,0.028894702345132826,0.048157837241888046,49,,,rvt_swarm,,,0.8520833313465118,,0.3218104600906372,,0.47735760509967806,small_data,0.865625,,,0.08577705033951336,,,,,,,0.0871370293200016,,
benchmark-protocol-v2-smoke,3e93d9541e1516c24a7d89448de0f33daf2b8421,,0.02789234071969986,0.0464872345328331,50,,,rvt_swarm,,,0.9354166686534882,,0.3609263926744461,,0.47735760509967806,small_data,0.86875,,,0.08137355695168177,0.125,0.75,0.125,0.625,0.5341185261062603,0.5,0.07694553956389427,0.375,0.7101065028300247
benchmark-protocol-v2-smoke,3e93d9541e1516c24a7d89448de0f33daf2b8421,,0.03615177400410176,0.06025295667350292,51,,,rvt_swarm,,,0.8906250059604645,,0.39533675014972686,,0.47735760509967806,small_data,0.875,,,0.09001907433072726,,,,,,,0.10244562849402428,,
benchmark-protocol-v2-smoke,3e93d9541e1516c24a7d89448de0f33daf2b8421,,0.026046327129006386,0.04341054521501064,52,,,rvt_swarm,,,0.9354166686534882,,0.407110396027565,,0.47735760509967806,small_data,0.878125,,,0.08437037857042419,,,,,,,0.07969755977392197,,
benchmark-protocol-v2-smoke,3e93d9541e1516c24a7d89448de0f33daf2b8421,,0.026325923725962635,0.043876539543271066,53,,,rvt_swarm,,,0.9156249940395356,,0.33404835164546964,,0.47735760509967806,small_data,0.878125,,,0.08180088665750292,,,,,,,0.07969146072864533,,
benchmark-protocol-v2-smoke,3e93d9541e1516c24a7d89448de0f33daf2b8421,,0.025703778639435765,0.04283963106572628,54,,,rvt_swarm,,,0.9125,,0.3292399525642395,,0.47735760509967806,small_data,0.875,,,0.08004133138391707,,,,,,,0.07810772284865379,,
benchmark-protocol-v2-smoke,3e93d9541e1516c24a7d89448de0f33daf2b8421,,0.024625519886612896,0.04104253314435482,55,,,rvt_swarm,,,0.9249999940395355,,0.37416439950466157,,0.47735760509967806,small_data,0.86875,,,0.08031365068422423,0.375,0.625,0.0,0.5,0.5686893415057135,0.5,0.08963702395558357,0.5,0.6002443217030541
benchmark-protocol-v2-smoke,3e93d9541e1516c24a7d89448de0f33daf2b8421,,0.024814122319221497,0.04135687053203583,56,,,rvt_swarm,,,0.7729166686534882,,0.38002135157585143,,0.47735760509967806,small_data,0.865625,,,0.08278118185698986,,,,,,,0.07893943190574645,,
benchmark-protocol-v2-smoke,3e93d9541e1516c24a7d89448de0f33daf2b8421,,0.024630572274327276,0.041050953790545464,57,,,rvt_swarm,,,0.8895833313465118,,0.33377247750759126,,0.47735760509967806,small_data,0.85,,,0.08129432714647716,,,,,,,0.08000468239188194,,
benchmark-protocol-v2-smoke,3e93d9541e1516c24a7d89448de0f33daf2b8421,,0.0260271517932415,0.04337858632206917,58,,,rvt_swarm,,,0.9114583373069763,,0.47391765713691714,,0.47735760509967806,small_data,0.884375,,,0.0841981586896711,,,,,,,0.07995600923895836,,
benchmark-protocol-v2-smoke,3e93d9541e1516c24a7d89448de0f33daf2b8421,,0.027685019373893737,0.04614169895648956,59,,,rvt_swarm,,,0.9020833373069763,,0.3249609112739563,,0.47735760509967806,small_data,0.903125,,,0.0913856640458107,,,,,,,0.10495008006691933,,
benchmark-protocol-v2-smoke,3e93d9541e1516c24a7d89448de0f33daf2b8421,,0.029021131843328475,0.048368553072214125,60,,,rvt_swarm,,,0.8500000059604644,,0.3765753298997879,,0.47735760509967806,small_data,0.903125,,,0.08264651294383737,0.25,0.625,0.125,0.375,0.6314351895962342,0.5,0.13023314252495766,0.375,0.5474572671798072
